﻿<?xml version="1.0" encoding="utf-8"?>
<abapGit version="v1.0.0" serializer="LCL_OBJECT_CLAS" serializer_version="v1.0.0">
 <asx:abap xmlns:asx="http://www.sap.com/abapxml" version="1.0">
  <asx:values>
   <VSEOCLASS>
    <CLSNAME>ZCL_LOG_LA_PLOG</CLSNAME>
    <VERSION>1</VERSION>
    <LANGU>E</LANGU>
    <DESCRIPT>Log Appender: Popup</DESCRIPT>
    <EXPOSURE>2</EXPOSURE>
    <STATE>1</STATE>
    <CLSCCINCL>X</CLSCCINCL>
    <FIXPT>X</FIXPT>
    <UNICODE>X</UNICODE>
   </VSEOCLASS>
   <DESCRIPTIONS>
    <SEOCOMPOTX>
     <CLSNAME>ZCL_LOG_LA_PLOG</CLSNAME>
     <CMPNAME>BUILD_SHARE_OBJECT</CMPNAME>
     <LANGU>E</LANGU>
     <DESCRIPT>Build Share Object</DESCRIPT>
    </SEOCOMPOTX>
    <SEOCOMPOTX>
     <CLSNAME>ZCL_LOG_LA_PLOG</CLSNAME>
     <CMPNAME>CONSTRUCTOR</CMPNAME>
     <LANGU>E</LANGU>
     <DESCRIPT>CONSTRUCTOR</DESCRIPT>
    </SEOCOMPOTX>
    <SEOCOMPOTX>
     <CLSNAME>ZCL_LOG_LA_PLOG</CLSNAME>
     <CMPNAME>MAP_LOG_TO_POPUP_TABLE</CMPNAME>
     <LANGU>E</LANGU>
     <DESCRIPT>Map Log to Popup Table</DESCRIPT>
    </SEOCOMPOTX>
    <SEOCOMPOTX>
     <CLSNAME>ZCL_LOG_LA_PLOG</CLSNAME>
     <CMPNAME>MAP_TYPE_TO_ICON</CMPNAME>
     <LANGU>E</LANGU>
     <DESCRIPT>Map Type to Icon</DESCRIPT>
    </SEOCOMPOTX>
    <SEOCOMPOTX>
     <CLSNAME>ZCL_LOG_LA_PLOG</CLSNAME>
     <CMPNAME>MR_SHARED_OBJECT_AREA</CMPNAME>
     <LANGU>E</LANGU>
     <DESCRIPT>Log Appender: Shared Object Area</DESCRIPT>
    </SEOCOMPOTX>
    <SEOCOMPOTX>
     <CLSNAME>ZCL_LOG_LA_PLOG</CLSNAME>
     <CMPNAME>SHOW_POPUP</CMPNAME>
     <LANGU>E</LANGU>
     <DESCRIPT>Show Popup</DESCRIPT>
    </SEOCOMPOTX>
    <SEOCOMPOTX>
     <CLSNAME>ZCL_LOG_LA_PLOG</CLSNAME>
     <CMPNAME>WRITE_LOG_TO_SHARE_OBJECT</CMPNAME>
     <LANGU>E</LANGU>
     <DESCRIPT>Write Log to Shared Object</DESCRIPT>
    </SEOCOMPOTX>
   </DESCRIPTIONS>
  </asx:values>
 </asx:abap>
</abapGit>
