﻿<?xml version="1.0" encoding="utf-8"?>
<abapGit version="v1.0.0" serializer="LCL_OBJECT_CLAS" serializer_version="v1.0.0">
 <asx:abap xmlns:asx="http://www.sap.com/abapxml" version="1.0">
  <asx:values>
   <VSEOCLASS>
    <CLSNAME>ZCL_LOG_MSG</CLSNAME>
    <VERSION>1</VERSION>
    <LANGU>E</LANGU>
    <DESCRIPT>Log Message</DESCRIPT>
    <STATE>1</STATE>
    <CLSFINAL>X</CLSFINAL>
    <CLSCCINCL>X</CLSCCINCL>
    <FIXPT>X</FIXPT>
    <UNICODE>X</UNICODE>
   </VSEOCLASS>
   <DESCRIPTIONS>
    <SEOCOMPOTX>
     <CLSNAME>ZCL_LOG_MSG</CLSNAME>
     <CMPNAME>ADD_DATA</CMPNAME>
     <LANGU>E</LANGU>
     <DESCRIPT>Add Data</DESCRIPT>
    </SEOCOMPOTX>
    <SEOCOMPOTX>
     <CLSNAME>ZCL_LOG_MSG</CLSNAME>
     <CMPNAME>ADD_DATA_STRUCTURE</CMPNAME>
     <LANGU>E</LANGU>
     <DESCRIPT>Add Data Structure</DESCRIPT>
    </SEOCOMPOTX>
    <SEOCOMPOTX>
     <CLSNAME>ZCL_LOG_MSG</CLSNAME>
     <CMPNAME>ADD_DATA_TYPE</CMPNAME>
     <LANGU>E</LANGU>
     <DESCRIPT>Add Data Type</DESCRIPT>
    </SEOCOMPOTX>
    <SEOCOMPOTX>
     <CLSNAME>ZCL_LOG_MSG</CLSNAME>
     <CMPNAME>ADD_DATA_TYPE_GEN</CMPNAME>
     <LANGU>E</LANGU>
     <DESCRIPT>Add Data Type General</DESCRIPT>
    </SEOCOMPOTX>
    <SEOCOMPOTX>
     <CLSNAME>ZCL_LOG_MSG</CLSNAME>
     <CMPNAME>ADD_DATA_VARIABLE</CMPNAME>
     <LANGU>E</LANGU>
     <DESCRIPT>Add Data Variable</DESCRIPT>
    </SEOCOMPOTX>
    <SEOCOMPOTX>
     <CLSNAME>ZCL_LOG_MSG</CLSNAME>
     <CMPNAME>ADD_TAG</CMPNAME>
     <LANGU>E</LANGU>
     <DESCRIPT>Add Tag</DESCRIPT>
    </SEOCOMPOTX>
    <SEOCOMPOTX>
     <CLSNAME>ZCL_LOG_MSG</CLSNAME>
     <CMPNAME>CONSTRUCTOR</CMPNAME>
     <LANGU>E</LANGU>
     <DESCRIPT>CONSTRUCTOR</DESCRIPT>
    </SEOCOMPOTX>
    <SEOCOMPOTX>
     <CLSNAME>ZCL_LOG_MSG</CLSNAME>
     <CMPNAME>GC_TYPE_STRUCTURE</CMPNAME>
     <LANGU>E</LANGU>
     <DESCRIPT>Structure</DESCRIPT>
    </SEOCOMPOTX>
    <SEOCOMPOTX>
     <CLSNAME>ZCL_LOG_MSG</CLSNAME>
     <CMPNAME>GC_TYPE_TABLE</CMPNAME>
     <LANGU>E</LANGU>
     <DESCRIPT>Table</DESCRIPT>
    </SEOCOMPOTX>
    <SEOCOMPOTX>
     <CLSNAME>ZCL_LOG_MSG</CLSNAME>
     <CMPNAME>GC_TYPE_VARIABLE</CMPNAME>
     <LANGU>E</LANGU>
     <DESCRIPT>Variable</DESCRIPT>
    </SEOCOMPOTX>
    <SEOCOMPOTX>
     <CLSNAME>ZCL_LOG_MSG</CLSNAME>
     <CMPNAME>GET_INSTANCE</CMPNAME>
     <LANGU>E</LANGU>
     <DESCRIPT>Factory Get Instance</DESCRIPT>
    </SEOCOMPOTX>
    <SEOCOMPOTX>
     <CLSNAME>ZCL_LOG_MSG</CLSNAME>
     <CMPNAME>GET_MESSAGE</CMPNAME>
     <LANGU>E</LANGU>
     <DESCRIPT>Get Message</DESCRIPT>
    </SEOCOMPOTX>
    <SEOCOMPOTX>
     <CLSNAME>ZCL_LOG_MSG</CLSNAME>
     <CMPNAME>GET_NEXT_INDEX</CMPNAME>
     <LANGU>E</LANGU>
     <DESCRIPT>Get Next Index</DESCRIPT>
    </SEOCOMPOTX>
    <SEOCOMPOTX>
     <CLSNAME>ZCL_LOG_MSG</CLSNAME>
     <CMPNAME>GET_STRUCTURE_DESCRIPTION</CMPNAME>
     <LANGU>E</LANGU>
     <DESCRIPT>Get Structure Description</DESCRIPT>
    </SEOCOMPOTX>
    <SEOCOMPOTX>
     <CLSNAME>ZCL_LOG_MSG</CLSNAME>
     <CMPNAME>GET_TYPE_DESCRIPTION</CMPNAME>
     <LANGU>E</LANGU>
     <DESCRIPT>Get Type Description</DESCRIPT>
    </SEOCOMPOTX>
    <SEOCOMPOTX>
     <CLSNAME>ZCL_LOG_MSG</CLSNAME>
     <CMPNAME>GET_TYPE_KIND</CMPNAME>
     <LANGU>E</LANGU>
     <DESCRIPT>Get Type Kind</DESCRIPT>
    </SEOCOMPOTX>
    <SEOCOMPOTX>
     <CLSNAME>ZCL_LOG_MSG</CLSNAME>
     <CMPNAME>MV_INDEX</CMPNAME>
     <LANGU>E</LANGU>
     <DESCRIPT>Index</DESCRIPT>
    </SEOCOMPOTX>
    <SEOCOMPOTX>
     <CLSNAME>ZCL_LOG_MSG</CLSNAME>
     <CMPNAME>RAISE_MESSAGE</CMPNAME>
     <LANGU>E</LANGU>
     <DESCRIPT>Raise Message</DESCRIPT>
    </SEOCOMPOTX>
    <SEOCOMPOTX>
     <CLSNAME>ZCL_LOG_MSG</CLSNAME>
     <CMPNAME>SET_GUID</CMPNAME>
     <LANGU>E</LANGU>
     <DESCRIPT>Set GUID</DESCRIPT>
    </SEOCOMPOTX>
   </DESCRIPTIONS>
  </asx:values>
 </asx:abap>
</abapGit>
