﻿<?xml version="1.0" encoding="utf-8"?>
<abapGit version="v1.0.0" serializer="LCL_OBJECT_CLAS" serializer_version="v1.0.0">
 <asx:abap xmlns:asx="http://www.sap.com/abapxml" version="1.0">
  <asx:values>
   <VSEOCLASS>
    <CLSNAME>ZCL_LOG_LA_PLOG_ROOT</CLSNAME>
    <VERSION>1</VERSION>
    <LANGU>E</LANGU>
    <DESCRIPT>Log Appender: Shared Object Root</DESCRIPT>
    <EXPOSURE>2</EXPOSURE>
    <STATE>1</STATE>
    <CLSFINAL>X</CLSFINAL>
    <CLSCCINCL>X</CLSCCINCL>
    <FIXPT>X</FIXPT>
    <UNICODE>X</UNICODE>
    <CLSSHAREDMEMORY>X</CLSSHAREDMEMORY>
   </VSEOCLASS>
   <DESCRIPTIONS>
    <SEOCOMPOTX>
     <CLSNAME>ZCL_LOG_LA_PLOG_ROOT</CLSNAME>
     <CMPNAME>ADD</CMPNAME>
     <LANGU>E</LANGU>
     <DESCRIPT>Add Log Message</DESCRIPT>
    </SEOCOMPOTX>
    <SEOCOMPOTX>
     <CLSNAME>ZCL_LOG_LA_PLOG_ROOT</CLSNAME>
     <CMPNAME>IS_EMPTY</CMPNAME>
     <LANGU>E</LANGU>
     <DESCRIPT>Is Queue Empty?</DESCRIPT>
    </SEOCOMPOTX>
    <SEOCOMPOTX>
     <CLSNAME>ZCL_LOG_LA_PLOG_ROOT</CLSNAME>
     <CMPNAME>IS_POPUP_ONLINE</CMPNAME>
     <LANGU>E</LANGU>
     <DESCRIPT>Check, is Popup already Online?</DESCRIPT>
    </SEOCOMPOTX>
    <SEOCOMPOTX>
     <CLSNAME>ZCL_LOG_LA_PLOG_ROOT</CLSNAME>
     <CMPNAME>MT_LOG</CMPNAME>
     <LANGU>E</LANGU>
     <DESCRIPT>Log Appender: Popup - Log</DESCRIPT>
    </SEOCOMPOTX>
    <SEOCOMPOTX>
     <CLSNAME>ZCL_LOG_LA_PLOG_ROOT</CLSNAME>
     <CMPNAME>MV_TIMESTAMP_LAST_READ</CMPNAME>
     <LANGU>E</LANGU>
     <DESCRIPT>Field of type TIMS</DESCRIPT>
    </SEOCOMPOTX>
    <SEOCOMPOTX>
     <CLSNAME>ZCL_LOG_LA_PLOG_ROOT</CLSNAME>
     <CMPNAME>REFRESH</CMPNAME>
     <LANGU>E</LANGU>
     <DESCRIPT>Refresh</DESCRIPT>
    </SEOCOMPOTX>
    <SEOCOMPOTX>
     <CLSNAME>ZCL_LOG_LA_PLOG_ROOT</CLSNAME>
     <CMPNAME>REMOVE</CMPNAME>
     <LANGU>E</LANGU>
     <DESCRIPT>Remove Log Messages</DESCRIPT>
    </SEOCOMPOTX>
    <SEOCOMPOTX>
     <CLSNAME>ZCL_LOG_LA_PLOG_ROOT</CLSNAME>
     <CMPNAME>SET_LAST_READ</CMPNAME>
     <LANGU>E</LANGU>
     <DESCRIPT>Set Last Read Date and Time</DESCRIPT>
    </SEOCOMPOTX>
    <SEOCOMPOTX>
     <CLSNAME>ZCL_LOG_LA_PLOG_ROOT</CLSNAME>
     <CMPNAME>SET_POPUP_CLOSED</CMPNAME>
     <LANGU>E</LANGU>
     <DESCRIPT>Set Popup Closed</DESCRIPT>
    </SEOCOMPOTX>
    <SEOCOMPOTX>
     <CLSNAME>ZCL_LOG_LA_PLOG_ROOT</CLSNAME>
     <CMPNAME>SET_POPUP_OPEN</CMPNAME>
     <LANGU>E</LANGU>
     <DESCRIPT>Set Popup Open</DESCRIPT>
    </SEOCOMPOTX>
   </DESCRIPTIONS>
  </asx:values>
 </asx:abap>
</abapGit>
