﻿<?xml version="1.0" encoding="utf-8"?>
<abapGit version="v1.0.0" serializer="LCL_OBJECT_DTEL" serializer_version="v1.0.0">
 <asx:abap xmlns:asx="http://www.sap.com/abapxml" version="1.0">
  <asx:values>
   <DD04V>
    <ROLLNAME>ZDA_LOG_MSG</ROLLNAME>
    <DDLANGUAGE>E</DDLANGUAGE>
    <HEADLEN>55</HEADLEN>
    <SCRLEN1>10</SCRLEN1>
    <SCRLEN2>20</SCRLEN2>
    <SCRLEN3>40</SCRLEN3>
    <DDTEXT>Message</DDTEXT>
    <REPTEXT>Message</REPTEXT>
    <SCRTEXT_S>Message</SCRTEXT_S>
    <SCRTEXT_M>Message</SCRTEXT_M>
    <SCRTEXT_L>Message</SCRTEXT_L>
    <DTELMASTER>E</DTELMASTER>
    <DATATYPE>STRG</DATATYPE>
   </DD04V>
   <I18N_LANGS>
    <LANGU>D</LANGU>
   </I18N_LANGS>
   <DD04_TEXTS>
    <item>
     <DDLANGUAGE>D</DDLANGUAGE>
     <DDTEXT>Nachricht</DDTEXT>
     <REPTEXT>Nachricht</REPTEXT>
     <SCRTEXT_S>Nachricht</SCRTEXT_S>
     <SCRTEXT_M>Nachricht</SCRTEXT_M>
     <SCRTEXT_L>Nachricht</SCRTEXT_L>
    </item>
   </DD04_TEXTS>
  </asx:values>
 </asx:abap>
</abapGit>
