﻿<?xml version="1.0" encoding="utf-8"?>
<abapGit version="v1.0.0" serializer="LCL_OBJECT_DOMA" serializer_version="v1.0.0">
 <asx:abap xmlns:asx="http://www.sap.com/abapxml" version="1.0">
  <asx:values>
   <DD01V>
    <DOMNAME>ZDO_LOG_CONFIG</DOMNAME>
    <DDLANGUAGE>E</DDLANGUAGE>
    <DATATYPE>CHAR</DATATYPE>
    <LENG>000010</LENG>
    <OUTPUTLEN>000010</OUTPUTLEN>
    <VALEXI>X</VALEXI>
    <DDTEXT>Log Config</DDTEXT>
   </DD01V>
   <DD07V_TAB>
    <DD07V>
     <DOMNAME>ZDO_LOG_CONFIG</DOMNAME>
     <VALPOS>0001</VALPOS>
     <DDLANGUAGE>E</DDLANGUAGE>
     <DOMVALUE_L>IFLUSH</DOMVALUE_L>
     <DDTEXT>Immediate Flush</DDTEXT>
    </DD07V>
    <DD07V>
     <DOMNAME>ZDO_LOG_CONFIG</DOMNAME>
     <VALPOS>0002</VALPOS>
     <DDLANGUAGE>E</DDLANGUAGE>
     <DOMVALUE_L>TLEVEL</DOMVALUE_L>
     <DDTEXT>Trace Level</DDTEXT>
    </DD07V>
   </DD07V_TAB>
  </asx:values>
 </asx:abap>
</abapGit>
