﻿<?xml version="1.0" encoding="utf-8"?>
<abapGit version="v1.0.0" serializer="LCL_OBJECT_FUGR" serializer_version="v1.0.0">
 <asx:abap xmlns:asx="http://www.sap.com/abapxml" version="1.0">
  <asx:values>
   <AREAT>Log Appender: Popup</AREAT>
   <INCLUDES>
    <SOBJ_NAME>LZFG_LOG_LA_PLOGD01</SOBJ_NAME>
    <SOBJ_NAME>LZFG_LOG_LA_PLOGF01</SOBJ_NAME>
    <SOBJ_NAME>LZFG_LOG_LA_PLOGI01</SOBJ_NAME>
    <SOBJ_NAME>LZFG_LOG_LA_PLOGO01</SOBJ_NAME>
    <SOBJ_NAME>LZFG_LOG_LA_PLOGTOP</SOBJ_NAME>
    <SOBJ_NAME>SAPLZFG_LOG_LA_PLOG</SOBJ_NAME>
   </INCLUDES>
   <FUNCTIONS>
    <item>
     <FUNCNAME>ZFM_LOG_LA_PLOG</FUNCNAME>
     <REMOTE_CALL>R</REMOTE_CALL>
     <SHORT_TEXT>Log Appender: Popup</SHORT_TEXT>
     <IMPORT>
      <RSIMP>
       <PARAMETER>IT_LOG</PARAMETER>
       <TYP>ZTT_LOG_LA_PLOG</TYP>
      </RSIMP>
      <RSIMP>
       <PARAMETER>IV_POPUP</PARAMETER>
       <TYP>XFELD</TYP>
      </RSIMP>
      <RSIMP>
       <PARAMETER>IV_IMMEDIATE_FLUSH</PARAMETER>
       <TYP>XFELD</TYP>
      </RSIMP>
     </IMPORT>
     <DOCUMENTATION>
      <RSFDO>
       <PARAMETER>IT_LOG</PARAMETER>
       <KIND>P</KIND>
       <STEXT>Log Appender: Popup</STEXT>
       <INDEX> 001</INDEX>
      </RSFDO>
      <RSFDO>
       <PARAMETER>IV_POPUP</PARAMETER>
       <KIND>P</KIND>
       <STEXT>Popup (show = &apos;X&apos;)</STEXT>
       <INDEX> 002</INDEX>
      </RSFDO>
      <RSFDO>
       <PARAMETER>IV_IMMEDIATE_FLUSH</PARAMETER>
       <KIND>P</KIND>
       <STEXT>Immediate Flush (on =&apos;X&apos;)</STEXT>
       <INDEX> 003</INDEX>
      </RSFDO>
     </DOCUMENTATION>
    </item>
   </FUNCTIONS>
   <DYNPROS>
    <item>
     <HEADER>
      <PROGRAM>SAPLZFG_LOG_LA_PLOG</PROGRAM>
      <SCREEN>1000</SCREEN>
      <LANGUAGE>E</LANGUAGE>
      <DESCRIPT>Log Appender: Popup</DESCRIPT>
      <TYPE>N</TYPE>
      <NEXTSCREEN>1000</NEXTSCREEN>
      <LINES>200</LINES>
      <COLUMNS>255</COLUMNS>
      <NO_TOOLBAR>X</NO_TOOLBAR>
     </HEADER>
     <CONTAINERS>
      <RPY_DYCATT>
       <TYPE>SCREEN</TYPE>
       <NAME>SCREEN</NAME>
      </RPY_DYCATT>
      <RPY_DYCATT>
       <TYPE>CUST_CTRL</TYPE>
       <NAME>GR_CONTAINER</NAME>
       <ELEMENT_OF>SCREEN</ELEMENT_OF>
       <LINE>001</LINE>
       <COLUMN>001</COLUMN>
       <LENGTH>255</LENGTH>
       <HEIGHT>200</HEIGHT>
       <C_RESIZE_V>X</C_RESIZE_V>
       <C_RESIZE_H>X</C_RESIZE_H>
       <C_LINE_MIN>001</C_LINE_MIN>
       <C_COLN_MIN>001</C_COLN_MIN>
      </RPY_DYCATT>
     </CONTAINERS>
     <FIELDS>
      <RPY_DYFATC>
       <CONT_TYPE>SCREEN</CONT_TYPE>
       <CONT_NAME>SCREEN</CONT_NAME>
       <TYPE>OKCODE</TYPE>
       <NAME>GV_OKCODE</NAME>
       <TEXT>____________________</TEXT>
       <LENGTH>020</LENGTH>
       <VISLENGTH>020</VISLENGTH>
       <HEIGHT>001</HEIGHT>
       <FORMAT>CHAR</FORMAT>
       <INPUT_FLD>X</INPUT_FLD>
      </RPY_DYFATC>
     </FIELDS>
     <FLOW_LOGIC>
      <RPY_DYFLOW>
       <LINE>PROCESS BEFORE OUTPUT.</LINE>
      </RPY_DYFLOW>
      <RPY_DYFLOW/>
      <RPY_DYFLOW>
       <LINE>MODULE status_1000.</LINE>
      </RPY_DYFLOW>
      <RPY_DYFLOW/>
      <RPY_DYFLOW>
       <LINE>MODULE init_1000.</LINE>
      </RPY_DYFLOW>
      <RPY_DYFLOW/>
      <RPY_DYFLOW>
       <LINE>PROCESS AFTER INPUT.</LINE>
      </RPY_DYFLOW>
      <RPY_DYFLOW/>
      <RPY_DYFLOW>
       <LINE>MODULE user_command_1000.</LINE>
      </RPY_DYFLOW>
     </FLOW_LOGIC>
     <SPACES>
      <item>0</item>
      <item>0</item>
      <item>2</item>
      <item>0</item>
      <item>2</item>
      <item>0</item>
      <item>0</item>
      <item>0</item>
      <item>2</item>
     </SPACES>
    </item>
   </DYNPROS>
   <CUA>
    <ADM>
     <PFKCODE>000001</PFKCODE>
    </ADM>
    <STA>
     <RSMPE_STAT>
      <CODE>1000</CODE>
      <MODAL>P</MODAL>
      <PFKCODE>000001</PFKCODE>
      <BUTCODE>0001</BUTCODE>
      <INT_NOTE>Status Screen 1000</INT_NOTE>
     </RSMPE_STAT>
    </STA>
    <FUN>
     <RSMPE_FUNT>
      <CODE>CANCEL</CODE>
      <TEXTNO>001</TEXTNO>
      <TEXT_TYPE>S</TEXT_TYPE>
      <FUN_TEXT>Cancel</FUN_TEXT>
     </RSMPE_FUNT>
     <RSMPE_FUNT>
      <CODE>EXIT</CODE>
      <TEXTNO>001</TEXTNO>
      <TEXT_TYPE>S</TEXT_TYPE>
      <FUN_TEXT>Cancel</FUN_TEXT>
     </RSMPE_FUNT>
    </FUN>
    <PFK>
     <RSMPE_PFK>
      <CODE>000001</CODE>
      <PFNO>12</PFNO>
      <FUNCODE>EXIT</FUNCODE>
      <FUNNO>001</FUNNO>
     </RSMPE_PFK>
    </PFK>
    <SET>
     <RSMPE_STAF>
      <STATUS>1000</STATUS>
      <FUNCTION>CANCEL</FUNCTION>
     </RSMPE_STAF>
     <RSMPE_STAF>
      <STATUS>1000</STATUS>
      <FUNCTION>EXIT</FUNCTION>
     </RSMPE_STAF>
    </SET>
    <DOC>
     <RSMPE_ATRT>
      <OBJ_TYPE>P</OBJ_TYPE>
      <OBJ_CODE>000001</OBJ_CODE>
      <MODAL>P</MODAL>
      <INT_NOTE>Status Screen 1000</INT_NOTE>
     </RSMPE_ATRT>
     <RSMPE_ATRT>
      <OBJ_TYPE>B</OBJ_TYPE>
      <OBJ_CODE>000001</OBJ_CODE>
      <SUB_CODE>0001</SUB_CODE>
      <MODAL>P</MODAL>
      <INT_NOTE>Status Screen 1000</INT_NOTE>
     </RSMPE_ATRT>
    </DOC>
    <TIT>
     <RSMPE_TITT>
      <CODE>1000</CODE>
      <TEXT>Messages</TEXT>
     </RSMPE_TITT>
    </TIT>
   </CUA>
  </asx:values>
 </asx:abap>
</abapGit>
