﻿<?xml version="1.0" encoding="utf-8"?>
<abapGit version="v1.0.0" serializer="LCL_OBJECT_FUGR" serializer_version="v1.0.0">
 <asx:abap xmlns:asx="http://www.sap.com/abapxml" version="1.0">
  <asx:values>
   <AREAT>Log Appender: Enhanced Data Log</AREAT>
   <INCLUDES>
    <SOBJ_NAME>LZFG_LOG_LA_DLOGTOP</SOBJ_NAME>
    <SOBJ_NAME>SAPLZFG_LOG_LA_DLOG</SOBJ_NAME>
   </INCLUDES>
   <FUNCTIONS>
    <item>
     <FUNCNAME>ZFM_LOG_LA_DLOG</FUNCNAME>
     <REMOTE_CALL>R</REMOTE_CALL>
     <SHORT_TEXT>Log Appender: Enhanced Data Log</SHORT_TEXT>
     <IMPORT>
      <RSIMP>
       <PARAMETER>IV_LOG_OBJECT</PARAMETER>
       <TYP>BAL_S_LOG-OBJECT</TYP>
      </RSIMP>
      <RSIMP>
       <PARAMETER>IV_LOG_SUBOBJECT</PARAMETER>
       <TYP>BAL_S_LOG-SUBOBJECT</TYP>
      </RSIMP>
      <RSIMP>
       <PARAMETER>IT_LOG</PARAMETER>
       <TYP>ZTT_LOG</TYP>
      </RSIMP>
      <RSIMP>
       <PARAMETER>IT_LOG_DATA</PARAMETER>
       <TYP>ZTT_LOG_DATA</TYP>
      </RSIMP>
      <RSIMP>
       <PARAMETER>IT_LOG_DATA_V</PARAMETER>
       <TYP>ZTT_LOG_DATA_V</TYP>
      </RSIMP>
      <RSIMP>
       <PARAMETER>IT_LOG_DATA_S</PARAMETER>
       <TYP>ZTT_LOG_DATA_S</TYP>
      </RSIMP>
      <RSIMP>
       <PARAMETER>IT_LOG_DATA_SI</PARAMETER>
       <TYP>ZTT_LOG_DATA_SI</TYP>
      </RSIMP>
      <RSIMP>
       <PARAMETER>IT_LOG_DATA_T</PARAMETER>
       <TYP>ZTT_LOG_DATA_T</TYP>
      </RSIMP>
      <RSIMP>
       <PARAMETER>IT_LOG_TAG</PARAMETER>
       <TYP>ZTT_LOG_TAG</TYP>
      </RSIMP>
     </IMPORT>
     <DOCUMENTATION>
      <RSFDO>
       <PARAMETER>IV_LOG_OBJECT</PARAMETER>
       <KIND>P</KIND>
       <STEXT>Application Log: Object Name (Application Code)</STEXT>
       <INDEX> 001</INDEX>
      </RSFDO>
      <RSFDO>
       <PARAMETER>IV_LOG_SUBOBJECT</PARAMETER>
       <KIND>P</KIND>
       <STEXT>Application Log: Subobject</STEXT>
       <INDEX> 002</INDEX>
      </RSFDO>
      <RSFDO>
       <PARAMETER>IT_LOG</PARAMETER>
       <KIND>P</KIND>
       <STEXT>Log Data</STEXT>
       <INDEX> 003</INDEX>
      </RSFDO>
      <RSFDO>
       <PARAMETER>IT_LOG_DATA</PARAMETER>
       <KIND>P</KIND>
       <STEXT>Log Data</STEXT>
       <INDEX> 004</INDEX>
      </RSFDO>
      <RSFDO>
       <PARAMETER>IT_LOG_DATA_V</PARAMETER>
       <KIND>P</KIND>
       <STEXT>Log Data Variable</STEXT>
       <INDEX> 005</INDEX>
      </RSFDO>
      <RSFDO>
       <PARAMETER>IT_LOG_DATA_S</PARAMETER>
       <KIND>P</KIND>
       <STEXT>Log Data Structure</STEXT>
       <INDEX> 006</INDEX>
      </RSFDO>
      <RSFDO>
       <PARAMETER>IT_LOG_DATA_SI</PARAMETER>
       <KIND>P</KIND>
       <STEXT>Log Data Structure Item</STEXT>
       <INDEX> 007</INDEX>
      </RSFDO>
      <RSFDO>
       <PARAMETER>IT_LOG_DATA_T</PARAMETER>
       <KIND>P</KIND>
       <STEXT>Log Data Table</STEXT>
       <INDEX> 008</INDEX>
      </RSFDO>
      <RSFDO>
       <PARAMETER>IT_LOG_TAG</PARAMETER>
       <KIND>P</KIND>
       <STEXT>Log Tag</STEXT>
       <INDEX> 009</INDEX>
      </RSFDO>
     </DOCUMENTATION>
    </item>
   </FUNCTIONS>
  </asx:values>
 </asx:abap>
</abapGit>
