﻿<?xml version="1.0" encoding="utf-8"?>
<abapGit version="v1.0.0" serializer="LCL_OBJECT_TABL" serializer_version="v1.0.0">
 <asx:abap xmlns:asx="http://www.sap.com/abapxml" version="1.0">
  <asx:values>
   <DD02V>
    <TABNAME>ZST_LOG_LA_PLOG</TABNAME>
    <DDLANGUAGE>E</DDLANGUAGE>
    <TABCLASS>INTTAB</TABCLASS>
    <DDTEXT>Log Appender: Popup - Log</DDTEXT>
    <EXCLASS>1</EXCLASS>
   </DD02V>
   <DD03P_TABLE>
    <DD03P>
     <TABNAME>ZST_LOG_LA_PLOG</TABNAME>
     <FIELDNAME>TYPE_ICON</FIELDNAME>
     <POSITION>0001</POSITION>
     <ROLLNAME>ICON_D</ROLLNAME>
     <ADMINFIELD>0</ADMINFIELD>
     <COMPTYPE>E</COMPTYPE>
    </DD03P>
    <DD03P>
     <TABNAME>ZST_LOG_LA_PLOG</TABNAME>
     <FIELDNAME>TYPE</FIELDNAME>
     <POSITION>0002</POSITION>
     <ROLLNAME>CHAR01</ROLLNAME>
     <ADMINFIELD>0</ADMINFIELD>
     <COMPTYPE>E</COMPTYPE>
    </DD03P>
    <DD03P>
     <TABNAME>ZST_LOG_LA_PLOG</TABNAME>
     <FIELDNAME>DATE</FIELDNAME>
     <POSITION>0003</POSITION>
     <ROLLNAME>ZDA_LOG_DATE</ROLLNAME>
     <ADMINFIELD>0</ADMINFIELD>
     <SHLPORIGIN>T</SHLPORIGIN>
     <COMPTYPE>E</COMPTYPE>
    </DD03P>
    <DD03P>
     <TABNAME>ZST_LOG_LA_PLOG</TABNAME>
     <FIELDNAME>TIME</FIELDNAME>
     <POSITION>0004</POSITION>
     <ROLLNAME>ZDA_LOG_TIME</ROLLNAME>
     <ADMINFIELD>0</ADMINFIELD>
     <SHLPORIGIN>T</SHLPORIGIN>
     <COMPTYPE>E</COMPTYPE>
    </DD03P>
    <DD03P>
     <TABNAME>ZST_LOG_LA_PLOG</TABNAME>
     <FIELDNAME>MSG</FIELDNAME>
     <POSITION>0005</POSITION>
     <ROLLNAME>ZDA_LOG_MSG</ROLLNAME>
     <ADMINFIELD>0</ADMINFIELD>
     <COMPTYPE>E</COMPTYPE>
    </DD03P>
   </DD03P_TABLE>
  </asx:values>
 </asx:abap>
</abapGit>
