﻿<?xml version="1.0" encoding="utf-8"?>
<abapGit version="v1.0.0" serializer="LCL_OBJECT_CLAS" serializer_version="v1.0.0">
 <asx:abap xmlns:asx="http://www.sap.com/abapxml" version="1.0">
  <asx:values>
   <VSEOCLASS>
    <CLSNAME>ZCL_LOG</CLSNAME>
    <VERSION>1</VERSION>
    <LANGU>E</LANGU>
    <DESCRIPT>Log</DESCRIPT>
    <STATE>1</STATE>
    <CLSFINAL>X</CLSFINAL>
    <CLSCCINCL>X</CLSCCINCL>
    <FIXPT>X</FIXPT>
    <UNICODE>X</UNICODE>
   </VSEOCLASS>
   <DESCRIPTIONS>
    <SEOCOMPOTX>
     <CLSNAME>ZCL_LOG</CLSNAME>
     <CMPNAME>ADD_CALLSTACK_DATA</CMPNAME>
     <LANGU>E</LANGU>
     <DESCRIPT>Add Callstack Data</DESCRIPT>
    </SEOCOMPOTX>
    <SEOCOMPOTX>
     <CLSNAME>ZCL_LOG</CLSNAME>
     <CMPNAME>ADD_LOG_APPENDER</CMPNAME>
     <LANGU>E</LANGU>
     <DESCRIPT>Add Log Appender</DESCRIPT>
    </SEOCOMPOTX>
    <SEOCOMPOTX>
     <CLSNAME>ZCL_LOG</CLSNAME>
     <CMPNAME>ADD_MSG</CMPNAME>
     <LANGU>E</LANGU>
     <DESCRIPT>Add Message</DESCRIPT>
    </SEOCOMPOTX>
    <SEOCOMPOTX>
     <CLSNAME>ZCL_LOG</CLSNAME>
     <CMPNAME>ADD_TAG</CMPNAME>
     <LANGU>E</LANGU>
     <DESCRIPT>Add Tag</DESCRIPT>
    </SEOCOMPOTX>
    <SEOCOMPOTX>
     <CLSNAME>ZCL_LOG</CLSNAME>
     <CMPNAME>ADD_TAG_TO_MSG_ALL</CMPNAME>
     <LANGU>E</LANGU>
     <DESCRIPT>Add Tags To All Messages</DESCRIPT>
    </SEOCOMPOTX>
    <SEOCOMPOTX>
     <CLSNAME>ZCL_LOG</CLSNAME>
     <CMPNAME>CONSTRUCTOR</CMPNAME>
     <LANGU>E</LANGU>
     <DESCRIPT>CONSTRUCTOR</DESCRIPT>
    </SEOCOMPOTX>
    <SEOCOMPOTX>
     <CLSNAME>ZCL_LOG</CLSNAME>
     <CMPNAME>DEBUG</CMPNAME>
     <LANGU>E</LANGU>
     <DESCRIPT>Add Debug Message</DESCRIPT>
    </SEOCOMPOTX>
    <SEOCOMPOTX>
     <CLSNAME>ZCL_LOG</CLSNAME>
     <CMPNAME>ERROR</CMPNAME>
     <LANGU>E</LANGU>
     <DESCRIPT>Add Error Message</DESCRIPT>
    </SEOCOMPOTX>
    <SEOCOMPOTX>
     <CLSNAME>ZCL_LOG</CLSNAME>
     <CMPNAME>EXPORT_MSG_TO_BAPIRET_TABLE</CMPNAME>
     <LANGU>E</LANGU>
     <DESCRIPT>Export To Bapiret Table</DESCRIPT>
    </SEOCOMPOTX>
    <SEOCOMPOTX>
     <CLSNAME>ZCL_LOG</CLSNAME>
     <CMPNAME>FATAL</CMPNAME>
     <LANGU>E</LANGU>
     <DESCRIPT>Add Fatal Message</DESCRIPT>
    </SEOCOMPOTX>
    <SEOCOMPOTX>
     <CLSNAME>ZCL_LOG</CLSNAME>
     <CMPNAME>GC_SYMSG_TYPE_ABORT</CMPNAME>
     <LANGU>E</LANGU>
     <DESCRIPT>Abort</DESCRIPT>
    </SEOCOMPOTX>
    <SEOCOMPOTX>
     <CLSNAME>ZCL_LOG</CLSNAME>
     <CMPNAME>GC_SYMSG_TYPE_ERROR</CMPNAME>
     <LANGU>E</LANGU>
     <DESCRIPT>Error</DESCRIPT>
    </SEOCOMPOTX>
    <SEOCOMPOTX>
     <CLSNAME>ZCL_LOG</CLSNAME>
     <CMPNAME>GC_SYMSG_TYPE_EXIT</CMPNAME>
     <LANGU>E</LANGU>
     <DESCRIPT>Exit</DESCRIPT>
    </SEOCOMPOTX>
    <SEOCOMPOTX>
     <CLSNAME>ZCL_LOG</CLSNAME>
     <CMPNAME>GC_SYMSG_TYPE_INFO</CMPNAME>
     <LANGU>E</LANGU>
     <DESCRIPT>Info</DESCRIPT>
    </SEOCOMPOTX>
    <SEOCOMPOTX>
     <CLSNAME>ZCL_LOG</CLSNAME>
     <CMPNAME>GC_SYMSG_TYPE_SUCCESS</CMPNAME>
     <LANGU>E</LANGU>
     <DESCRIPT>Success</DESCRIPT>
    </SEOCOMPOTX>
    <SEOCOMPOTX>
     <CLSNAME>ZCL_LOG</CLSNAME>
     <CMPNAME>GC_SYMSG_TYPE_WARNING</CMPNAME>
     <LANGU>E</LANGU>
     <DESCRIPT>Warning</DESCRIPT>
    </SEOCOMPOTX>
    <SEOCOMPOTX>
     <CLSNAME>ZCL_LOG</CLSNAME>
     <CMPNAME>GC_TRACE_DEBUG</CMPNAME>
     <LANGU>E</LANGU>
     <DESCRIPT>Debug</DESCRIPT>
    </SEOCOMPOTX>
    <SEOCOMPOTX>
     <CLSNAME>ZCL_LOG</CLSNAME>
     <CMPNAME>GC_TRACE_ERROR</CMPNAME>
     <LANGU>E</LANGU>
     <DESCRIPT>Error</DESCRIPT>
    </SEOCOMPOTX>
    <SEOCOMPOTX>
     <CLSNAME>ZCL_LOG</CLSNAME>
     <CMPNAME>GC_TRACE_FATAL</CMPNAME>
     <LANGU>E</LANGU>
     <DESCRIPT>Fatal</DESCRIPT>
    </SEOCOMPOTX>
    <SEOCOMPOTX>
     <CLSNAME>ZCL_LOG</CLSNAME>
     <CMPNAME>GC_TRACE_INFO</CMPNAME>
     <LANGU>E</LANGU>
     <DESCRIPT>Info</DESCRIPT>
    </SEOCOMPOTX>
    <SEOCOMPOTX>
     <CLSNAME>ZCL_LOG</CLSNAME>
     <CMPNAME>GC_TRACE_OFF</CMPNAME>
     <LANGU>E</LANGU>
     <DESCRIPT>No Logging</DESCRIPT>
    </SEOCOMPOTX>
    <SEOCOMPOTX>
     <CLSNAME>ZCL_LOG</CLSNAME>
     <CMPNAME>GC_TRACE_USER</CMPNAME>
     <LANGU>E</LANGU>
     <DESCRIPT>User</DESCRIPT>
    </SEOCOMPOTX>
    <SEOCOMPOTX>
     <CLSNAME>ZCL_LOG</CLSNAME>
     <CMPNAME>GC_TRACE_WARNING</CMPNAME>
     <LANGU>E</LANGU>
     <DESCRIPT>Warning</DESCRIPT>
    </SEOCOMPOTX>
    <SEOCOMPOTX>
     <CLSNAME>ZCL_LOG</CLSNAME>
     <CMPNAME>GC_TYPE_DEBUG</CMPNAME>
     <LANGU>E</LANGU>
     <DESCRIPT>Debug</DESCRIPT>
    </SEOCOMPOTX>
    <SEOCOMPOTX>
     <CLSNAME>ZCL_LOG</CLSNAME>
     <CMPNAME>GC_TYPE_ERROR</CMPNAME>
     <LANGU>E</LANGU>
     <DESCRIPT>Error</DESCRIPT>
    </SEOCOMPOTX>
    <SEOCOMPOTX>
     <CLSNAME>ZCL_LOG</CLSNAME>
     <CMPNAME>GC_TYPE_FATAL</CMPNAME>
     <LANGU>E</LANGU>
     <DESCRIPT>Fatal</DESCRIPT>
    </SEOCOMPOTX>
    <SEOCOMPOTX>
     <CLSNAME>ZCL_LOG</CLSNAME>
     <CMPNAME>GC_TYPE_INFO</CMPNAME>
     <LANGU>E</LANGU>
     <DESCRIPT>Info</DESCRIPT>
    </SEOCOMPOTX>
    <SEOCOMPOTX>
     <CLSNAME>ZCL_LOG</CLSNAME>
     <CMPNAME>GC_TYPE_USER</CMPNAME>
     <LANGU>E</LANGU>
     <DESCRIPT>User</DESCRIPT>
    </SEOCOMPOTX>
    <SEOCOMPOTX>
     <CLSNAME>ZCL_LOG</CLSNAME>
     <CMPNAME>GC_TYPE_WARNING</CMPNAME>
     <LANGU>E</LANGU>
     <DESCRIPT>Warning</DESCRIPT>
    </SEOCOMPOTX>
    <SEOCOMPOTX>
     <CLSNAME>ZCL_LOG</CLSNAME>
     <CMPNAME>GET_CALLSTACK</CMPNAME>
     <LANGU>E</LANGU>
     <DESCRIPT>Get Callstack</DESCRIPT>
    </SEOCOMPOTX>
    <SEOCOMPOTX>
     <CLSNAME>ZCL_LOG</CLSNAME>
     <CMPNAME>GET_CONFIG</CMPNAME>
     <LANGU>E</LANGU>
     <DESCRIPT>Read Config</DESCRIPT>
    </SEOCOMPOTX>
    <SEOCOMPOTX>
     <CLSNAME>ZCL_LOG</CLSNAME>
     <CMPNAME>GET_FROM_SYMSG</CMPNAME>
     <LANGU>E</LANGU>
     <DESCRIPT>Get From SY-MSGxx</DESCRIPT>
    </SEOCOMPOTX>
    <SEOCOMPOTX>
     <CLSNAME>ZCL_LOG</CLSNAME>
     <CMPNAME>GET_INSTANCE</CMPNAME>
     <LANGU>E</LANGU>
     <DESCRIPT>Logging Factory</DESCRIPT>
    </SEOCOMPOTX>
    <SEOCOMPOTX>
     <CLSNAME>ZCL_LOG</CLSNAME>
     <CMPNAME>GET_MSG_BY_TRACE_LEVEL</CMPNAME>
     <LANGU>E</LANGU>
     <DESCRIPT>Get  Messages By Trace Level</DESCRIPT>
    </SEOCOMPOTX>
    <SEOCOMPOTX>
     <CLSNAME>ZCL_LOG</CLSNAME>
     <CMPNAME>GET_NEXT_INDEX</CMPNAME>
     <LANGU>E</LANGU>
     <DESCRIPT>Get Next Message Index</DESCRIPT>
    </SEOCOMPOTX>
    <SEOCOMPOTX>
     <CLSNAME>ZCL_LOG</CLSNAME>
     <CMPNAME>IMMEDIATE_FLUSH</CMPNAME>
     <LANGU>E</LANGU>
     <DESCRIPT>Flush Immediatly</DESCRIPT>
    </SEOCOMPOTX>
    <SEOCOMPOTX>
     <CLSNAME>ZCL_LOG</CLSNAME>
     <CMPNAME>IMPORT_MSG_FROM_BAPIRET</CMPNAME>
     <LANGU>E</LANGU>
     <DESCRIPT>Import Bapiret</DESCRIPT>
    </SEOCOMPOTX>
    <SEOCOMPOTX>
     <CLSNAME>ZCL_LOG</CLSNAME>
     <CMPNAME>IMPORT_MSG_FROM_BAPIRET_TABLE</CMPNAME>
     <LANGU>E</LANGU>
     <DESCRIPT>Import Bapiret Table</DESCRIPT>
    </SEOCOMPOTX>
    <SEOCOMPOTX>
     <CLSNAME>ZCL_LOG</CLSNAME>
     <CMPNAME>IMPORT_MSG_FROM_CX_MSG</CMPNAME>
     <LANGU>E</LANGU>
     <DESCRIPT>Import From Exception: Interface Message</DESCRIPT>
    </SEOCOMPOTX>
    <SEOCOMPOTX>
     <CLSNAME>ZCL_LOG</CLSNAME>
     <CMPNAME>IMPORT_MSG_FROM_CX_MSG_T100</CMPNAME>
     <LANGU>E</LANGU>
     <DESCRIPT>Import From Exception: Interface T100 Message</DESCRIPT>
    </SEOCOMPOTX>
    <SEOCOMPOTX>
     <CLSNAME>ZCL_LOG</CLSNAME>
     <CMPNAME>IMPORT_MSG_FROM_LOGGER</CMPNAME>
     <LANGU>E</LANGU>
     <DESCRIPT>Import From Logger Instance</DESCRIPT>
    </SEOCOMPOTX>
    <SEOCOMPOTX>
     <CLSNAME>ZCL_LOG</CLSNAME>
     <CMPNAME>IMPORT_MSG_FROM_SYMSG</CMPNAME>
     <LANGU>E</LANGU>
     <DESCRIPT>Import From SY-MSGxx</DESCRIPT>
    </SEOCOMPOTX>
    <SEOCOMPOTX>
     <CLSNAME>ZCL_LOG</CLSNAME>
     <CMPNAME>INFO</CMPNAME>
     <LANGU>E</LANGU>
     <DESCRIPT>Add Info Message</DESCRIPT>
    </SEOCOMPOTX>
    <SEOCOMPOTX>
     <CLSNAME>ZCL_LOG</CLSNAME>
     <CMPNAME>IS_DEBUG</CMPNAME>
     <LANGU>E</LANGU>
     <DESCRIPT>Is Debug?</DESCRIPT>
    </SEOCOMPOTX>
    <SEOCOMPOTX>
     <CLSNAME>ZCL_LOG</CLSNAME>
     <CMPNAME>IS_EMPTY</CMPNAME>
     <LANGU>E</LANGU>
     <DESCRIPT>Is Empty?</DESCRIPT>
    </SEOCOMPOTX>
    <SEOCOMPOTX>
     <CLSNAME>ZCL_LOG</CLSNAME>
     <CMPNAME>IS_ERROR</CMPNAME>
     <LANGU>E</LANGU>
     <DESCRIPT>Is Error?</DESCRIPT>
    </SEOCOMPOTX>
    <SEOCOMPOTX>
     <CLSNAME>ZCL_LOG</CLSNAME>
     <CMPNAME>IS_IMMEDIATE_FLUSH</CMPNAME>
     <LANGU>E</LANGU>
     <DESCRIPT>Is Immediate Flush?</DESCRIPT>
    </SEOCOMPOTX>
    <SEOCOMPOTX>
     <CLSNAME>ZCL_LOG</CLSNAME>
     <CMPNAME>IS_TRACE_CALLSTACK</CMPNAME>
     <LANGU>E</LANGU>
     <DESCRIPT>Trace Callstack Data?</DESCRIPT>
    </SEOCOMPOTX>
    <SEOCOMPOTX>
     <CLSNAME>ZCL_LOG</CLSNAME>
     <CMPNAME>IS_TRACE_LEVEL_DEBUG</CMPNAME>
     <LANGU>E</LANGU>
     <DESCRIPT>Is Trace Level Debug?</DESCRIPT>
    </SEOCOMPOTX>
    <SEOCOMPOTX>
     <CLSNAME>ZCL_LOG</CLSNAME>
     <CMPNAME>IS_TRACE_LEVEL_ERROR</CMPNAME>
     <LANGU>E</LANGU>
     <DESCRIPT>Is Trace Level Error?</DESCRIPT>
    </SEOCOMPOTX>
    <SEOCOMPOTX>
     <CLSNAME>ZCL_LOG</CLSNAME>
     <CMPNAME>IS_TRACE_LEVEL_FATAL</CMPNAME>
     <LANGU>E</LANGU>
     <DESCRIPT>Is Trace Level Fatal?</DESCRIPT>
    </SEOCOMPOTX>
    <SEOCOMPOTX>
     <CLSNAME>ZCL_LOG</CLSNAME>
     <CMPNAME>IS_TRACE_LEVEL_INFO</CMPNAME>
     <LANGU>E</LANGU>
     <DESCRIPT>Is Trace Level Info?</DESCRIPT>
    </SEOCOMPOTX>
    <SEOCOMPOTX>
     <CLSNAME>ZCL_LOG</CLSNAME>
     <CMPNAME>IS_TRACE_LEVEL_OFF</CMPNAME>
     <LANGU>E</LANGU>
     <DESCRIPT>Is Trace Switched Off?</DESCRIPT>
    </SEOCOMPOTX>
    <SEOCOMPOTX>
     <CLSNAME>ZCL_LOG</CLSNAME>
     <CMPNAME>IS_TRACE_LEVEL_USER</CMPNAME>
     <LANGU>E</LANGU>
     <DESCRIPT>Is Trace Level User?</DESCRIPT>
    </SEOCOMPOTX>
    <SEOCOMPOTX>
     <CLSNAME>ZCL_LOG</CLSNAME>
     <CMPNAME>IS_TRACE_LEVEL_WARNING</CMPNAME>
     <LANGU>E</LANGU>
     <DESCRIPT>Is Trace Level Warning?</DESCRIPT>
    </SEOCOMPOTX>
    <SEOCOMPOTX>
     <CLSNAME>ZCL_LOG</CLSNAME>
     <CMPNAME>IS_USER</CMPNAME>
     <LANGU>E</LANGU>
     <DESCRIPT>Is User?</DESCRIPT>
    </SEOCOMPOTX>
    <SEOCOMPOTX>
     <CLSNAME>ZCL_LOG</CLSNAME>
     <CMPNAME>IS_WARNING</CMPNAME>
     <LANGU>E</LANGU>
     <DESCRIPT>Is Warning?</DESCRIPT>
    </SEOCOMPOTX>
    <SEOCOMPOTX>
     <CLSNAME>ZCL_LOG</CLSNAME>
     <CMPNAME>MAP_MTYPE_TO_SAPMTYPE</CMPNAME>
     <LANGU>E</LANGU>
     <DESCRIPT>Map Message Type to SAP Message Type</DESCRIPT>
    </SEOCOMPOTX>
    <SEOCOMPOTX>
     <CLSNAME>ZCL_LOG</CLSNAME>
     <CMPNAME>REFRESH_LOG</CMPNAME>
     <LANGU>E</LANGU>
     <DESCRIPT>Refresh Log</DESCRIPT>
    </SEOCOMPOTX>
    <SEOCOMPOTX>
     <CLSNAME>ZCL_LOG</CLSNAME>
     <CMPNAME>SAVE</CMPNAME>
     <LANGU>E</LANGU>
     <DESCRIPT>Save Log</DESCRIPT>
    </SEOCOMPOTX>
    <SEOCOMPOTX>
     <CLSNAME>ZCL_LOG</CLSNAME>
     <CMPNAME>SET_TRACE_LEVEL</CMPNAME>
     <LANGU>E</LANGU>
     <DESCRIPT>Set Trace Level</DESCRIPT>
    </SEOCOMPOTX>
    <SEOCOMPOTX>
     <CLSNAME>ZCL_LOG</CLSNAME>
     <CMPNAME>USER</CMPNAME>
     <LANGU>E</LANGU>
     <DESCRIPT>Add User Message</DESCRIPT>
    </SEOCOMPOTX>
    <SEOCOMPOTX>
     <CLSNAME>ZCL_LOG</CLSNAME>
     <CMPNAME>WARNING</CMPNAME>
     <LANGU>E</LANGU>
     <DESCRIPT>Add Warning Message</DESCRIPT>
    </SEOCOMPOTX>
   </DESCRIPTIONS>
  </asx:values>
 </asx:abap>
</abapGit>
