﻿<?xml version="1.0" encoding="utf-8"?>
<abapGit version="v1.0.0" serializer="LCL_OBJECT_CLAS" serializer_version="v1.0.0">
 <asx:abap xmlns:asx="http://www.sap.com/abapxml" version="1.0">
  <asx:values>
   <VSEOCLASS>
    <CLSNAME>ZCL_LOG_LA_DLOG</CLSNAME>
    <VERSION>1</VERSION>
    <LANGU>E</LANGU>
    <DESCRIPT>Log Appender: Enhanced Data Log</DESCRIPT>
    <EXPOSURE>2</EXPOSURE>
    <STATE>1</STATE>
    <CLSCCINCL>X</CLSCCINCL>
    <FIXPT>X</FIXPT>
    <UNICODE>X</UNICODE>
   </VSEOCLASS>
   <DESCRIPTIONS>
    <SEOCOMPOTX>
     <CLSNAME>ZCL_LOG_LA_DLOG</CLSNAME>
     <CMPNAME>CONSTRUCTOR</CMPNAME>
     <LANGU>E</LANGU>
     <DESCRIPT>CONSTRUCTOR</DESCRIPT>
    </SEOCOMPOTX>
    <SEOCOMPOTX>
     <CLSNAME>ZCL_LOG_LA_DLOG</CLSNAME>
     <CMPNAME>CREATE_GUID</CMPNAME>
     <LANGU>E</LANGU>
     <DESCRIPT>Create GUID</DESCRIPT>
    </SEOCOMPOTX>
    <SEOCOMPOTX>
     <CLSNAME>ZCL_LOG_LA_DLOG</CLSNAME>
     <CMPNAME>CREATE_LOG_NUMBER</CMPNAME>
     <LANGU>E</LANGU>
     <DESCRIPT>Create Log Number</DESCRIPT>
    </SEOCOMPOTX>
    <SEOCOMPOTX>
     <CLSNAME>ZCL_LOG_LA_DLOG</CLSNAME>
     <CMPNAME>DO_SAVE</CMPNAME>
     <LANGU>E</LANGU>
     <DESCRIPT>Do Save</DESCRIPT>
    </SEOCOMPOTX>
    <SEOCOMPOTX>
     <CLSNAME>ZCL_LOG_LA_DLOG</CLSNAME>
     <CMPNAME>RUN_SAVE</CMPNAME>
     <LANGU>E</LANGU>
     <DESCRIPT>Run Save</DESCRIPT>
    </SEOCOMPOTX>
    <SEOCOMPOTX>
     <CLSNAME>ZCL_LOG_LA_DLOG</CLSNAME>
     <CMPNAME>RUN_SAVE_IMMEDIATE</CMPNAME>
     <LANGU>E</LANGU>
     <DESCRIPT>Run Save Immediate</DESCRIPT>
    </SEOCOMPOTX>
    <SEOCOMPOTX>
     <CLSNAME>ZCL_LOG_LA_DLOG</CLSNAME>
     <CMPNAME>SAVE_LOG</CMPNAME>
     <LANGU>E</LANGU>
     <DESCRIPT>Save Log</DESCRIPT>
    </SEOCOMPOTX>
    <SEOCOMPOTX>
     <CLSNAME>ZCL_LOG_LA_DLOG</CLSNAME>
     <CMPNAME>SAVE_TAG</CMPNAME>
     <LANGU>E</LANGU>
     <DESCRIPT>Save Tag</DESCRIPT>
    </SEOCOMPOTX>
    <SEOCOMPOTX>
     <CLSNAME>ZCL_LOG_LA_DLOG</CLSNAME>
     <CMPNAME>SAVE_TYPE</CMPNAME>
     <LANGU>E</LANGU>
     <DESCRIPT>Save Type</DESCRIPT>
    </SEOCOMPOTX>
    <SEOCOMPOTX>
     <CLSNAME>ZCL_LOG_LA_DLOG</CLSNAME>
     <CMPNAME>SET_THREAD_SAVE_FINISHED</CMPNAME>
     <LANGU>E</LANGU>
     <DESCRIPT>Set Thread Save Finished</DESCRIPT>
    </SEOCOMPOTX>
    <SEOCOMPOTX>
     <CLSNAME>ZCL_LOG_LA_DLOG</CLSNAME>
     <CMPNAME>THREAD_SAVE_FINISHED</CMPNAME>
     <LANGU>E</LANGU>
     <DESCRIPT>Thread Save Finished</DESCRIPT>
    </SEOCOMPOTX>
   </DESCRIPTIONS>
  </asx:values>
 </asx:abap>
</abapGit>
