﻿<?xml version="1.0" encoding="utf-8"?>
<abapGit version="v1.0.0" serializer="LCL_OBJECT_CLAS" serializer_version="v1.0.0">
 <asx:abap xmlns:asx="http://www.sap.com/abapxml" version="1.0">
  <asx:values>
   <VSEOCLASS>
    <CLSNAME>ZCL_LOG_LA_ALOG</CLSNAME>
    <VERSION>1</VERSION>
    <LANGU>E</LANGU>
    <DESCRIPT>Log Appender: Application Log</DESCRIPT>
    <EXPOSURE>2</EXPOSURE>
    <STATE>1</STATE>
    <CLSCCINCL>X</CLSCCINCL>
    <FIXPT>X</FIXPT>
    <UNICODE>X</UNICODE>
   </VSEOCLASS>
   <DESCRIPTIONS>
    <SEOCOMPOTX>
     <CLSNAME>ZCL_LOG_LA_ALOG</CLSNAME>
     <CMPNAME>ADD_MESSAGE</CMPNAME>
     <LANGU>E</LANGU>
     <DESCRIPT>Add Message</DESCRIPT>
    </SEOCOMPOTX>
    <SEOCOMPOTX>
     <CLSNAME>ZCL_LOG_LA_ALOG</CLSNAME>
     <CMPNAME>ADD_MESSAGES</CMPNAME>
     <LANGU>E</LANGU>
     <DESCRIPT>Add Messages</DESCRIPT>
    </SEOCOMPOTX>
    <SEOCOMPOTX>
     <CLSNAME>ZCL_LOG_LA_ALOG</CLSNAME>
     <CMPNAME>CONSTRUCTOR</CMPNAME>
     <LANGU>E</LANGU>
     <DESCRIPT>CONSTRUCTOR</DESCRIPT>
    </SEOCOMPOTX>
    <SEOCOMPOTX>
     <CLSNAME>ZCL_LOG_LA_ALOG</CLSNAME>
     <CMPNAME>CREATE</CMPNAME>
     <LANGU>E</LANGU>
     <DESCRIPT>Create Application Log</DESCRIPT>
    </SEOCOMPOTX>
    <SEOCOMPOTX>
     <CLSNAME>ZCL_LOG_LA_ALOG</CLSNAME>
     <CMPNAME>DO_SAVE</CMPNAME>
     <LANGU>E</LANGU>
     <DESCRIPT>Do Save</DESCRIPT>
    </SEOCOMPOTX>
    <SEOCOMPOTX>
     <CLSNAME>ZCL_LOG_LA_ALOG</CLSNAME>
     <CMPNAME>GC_PCLASS_IMPORTANT</CMPNAME>
     <LANGU>E</LANGU>
     <DESCRIPT>Application log: Message problem class</DESCRIPT>
    </SEOCOMPOTX>
    <SEOCOMPOTX>
     <CLSNAME>ZCL_LOG_LA_ALOG</CLSNAME>
     <CMPNAME>GC_PCLASS_INFO</CMPNAME>
     <LANGU>E</LANGU>
     <DESCRIPT>Application log: Message problem class</DESCRIPT>
    </SEOCOMPOTX>
    <SEOCOMPOTX>
     <CLSNAME>ZCL_LOG_LA_ALOG</CLSNAME>
     <CMPNAME>GC_PCLASS_MEDIUM</CMPNAME>
     <LANGU>E</LANGU>
     <DESCRIPT>Application log: Message problem class</DESCRIPT>
    </SEOCOMPOTX>
    <SEOCOMPOTX>
     <CLSNAME>ZCL_LOG_LA_ALOG</CLSNAME>
     <CMPNAME>GC_PCLASS_VERY_IMPORTANT</CMPNAME>
     <LANGU>E</LANGU>
     <DESCRIPT>Application log: Message problem class</DESCRIPT>
    </SEOCOMPOTX>
    <SEOCOMPOTX>
     <CLSNAME>ZCL_LOG_LA_ALOG</CLSNAME>
     <CMPNAME>GET_LOG_HANDLE</CMPNAME>
     <LANGU>E</LANGU>
     <DESCRIPT>Get Log Handle</DESCRIPT>
    </SEOCOMPOTX>
    <SEOCOMPOTX>
     <CLSNAME>ZCL_LOG_LA_ALOG</CLSNAME>
     <CMPNAME>MAP_LOG_TO_ALOG_MSG</CMPNAME>
     <LANGU>E</LANGU>
     <DESCRIPT>Map Log Message to Application Message</DESCRIPT>
    </SEOCOMPOTX>
    <SEOCOMPOTX>
     <CLSNAME>ZCL_LOG_LA_ALOG</CLSNAME>
     <CMPNAME>MAP_TAGS_TO_CONTEXT</CMPNAME>
     <LANGU>E</LANGU>
     <DESCRIPT>Map Tags To Context</DESCRIPT>
    </SEOCOMPOTX>
    <SEOCOMPOTX>
     <CLSNAME>ZCL_LOG_LA_ALOG</CLSNAME>
     <CMPNAME>MV_LOG_KEY</CMPNAME>
     <LANGU>E</LANGU>
     <DESCRIPT>Log Key</DESCRIPT>
    </SEOCOMPOTX>
    <SEOCOMPOTX>
     <CLSNAME>ZCL_LOG_LA_ALOG</CLSNAME>
     <CMPNAME>RUN_SAVE</CMPNAME>
     <LANGU>E</LANGU>
     <DESCRIPT>Run Save</DESCRIPT>
    </SEOCOMPOTX>
    <SEOCOMPOTX>
     <CLSNAME>ZCL_LOG_LA_ALOG</CLSNAME>
     <CMPNAME>RUN_SAVE_IMMEDIATE</CMPNAME>
     <LANGU>E</LANGU>
     <DESCRIPT>Run Save Immediate</DESCRIPT>
    </SEOCOMPOTX>
    <SEOCOMPOTX>
     <CLSNAME>ZCL_LOG_LA_ALOG</CLSNAME>
     <CMPNAME>SAVE_ALOG</CMPNAME>
     <LANGU>E</LANGU>
     <DESCRIPT>Save Application Log</DESCRIPT>
    </SEOCOMPOTX>
    <SEOCOMPOTX>
     <CLSNAME>ZCL_LOG_LA_ALOG</CLSNAME>
     <CMPNAME>SET_THREAD_SAVE_FINISHED</CMPNAME>
     <LANGU>E</LANGU>
     <DESCRIPT>Set Thread Save Finished</DESCRIPT>
    </SEOCOMPOTX>
    <SEOCOMPOTX>
     <CLSNAME>ZCL_LOG_LA_ALOG</CLSNAME>
     <CMPNAME>THREAD_SAVE_FINISHED</CMPNAME>
     <LANGU>E</LANGU>
     <DESCRIPT>Thread Save Finished</DESCRIPT>
    </SEOCOMPOTX>
   </DESCRIPTIONS>
  </asx:values>
 </asx:abap>
</abapGit>
