﻿<?xml version="1.0" encoding="utf-8"?>
<abapGit version="v1.0.0" serializer="LCL_OBJECT_DTEL" serializer_version="v1.0.0">
 <asx:abap xmlns:asx="http://www.sap.com/abapxml" version="1.0">
  <asx:values>
   <DD04V>
    <ROLLNAME>ZDA_LOG_TIME</ROLLNAME>
    <DDLANGUAGE>E</DDLANGUAGE>
    <DOMNAME>SYTIME</DOMNAME>
    <HEADLEN>08</HEADLEN>
    <SCRLEN1>10</SCRLEN1>
    <SCRLEN2>20</SCRLEN2>
    <SCRLEN3>40</SCRLEN3>
    <DDTEXT>Time</DDTEXT>
    <REPTEXT>Time</REPTEXT>
    <SCRTEXT_S>Time</SCRTEXT_S>
    <SCRTEXT_M>Time</SCRTEXT_M>
    <SCRTEXT_L>Time</SCRTEXT_L>
    <DTELMASTER>E</DTELMASTER>
    <REFKIND>D</REFKIND>
   </DD04V>
   <I18N_LANGS>
    <LANGU>D</LANGU>
   </I18N_LANGS>
   <DD04_TEXTS>
    <item>
     <DDLANGUAGE>D</DDLANGUAGE>
     <DDTEXT>Uhrzeit</DDTEXT>
     <REPTEXT>Uhrzeit</REPTEXT>
     <SCRTEXT_S>Uhrzeit</SCRTEXT_S>
     <SCRTEXT_M>Uhrzeit</SCRTEXT_M>
     <SCRTEXT_L>Uhrzeit</SCRTEXT_L>
    </item>
   </DD04_TEXTS>
  </asx:values>
 </asx:abap>
</abapGit>
