﻿<?xml version="1.0" encoding="utf-8"?>
<abapGit version="v1.0.0" serializer="LCL_OBJECT_DTEL" serializer_version="v1.0.0">
 <asx:abap xmlns:asx="http://www.sap.com/abapxml" version="1.0">
  <asx:values>
   <DD04V>
    <ROLLNAME>ZDA_TAG</ROLLNAME>
    <DDLANGUAGE>E</DDLANGUAGE>
    <HEADLEN>55</HEADLEN>
    <SCRLEN1>10</SCRLEN1>
    <SCRLEN2>20</SCRLEN2>
    <SCRLEN3>40</SCRLEN3>
    <DDTEXT>Tag</DDTEXT>
    <REPTEXT>Tag</REPTEXT>
    <SCRTEXT_S>Tag</SCRTEXT_S>
    <SCRTEXT_M>Tag</SCRTEXT_M>
    <SCRTEXT_L>Tag</SCRTEXT_L>
    <DTELMASTER>E</DTELMASTER>
    <DATATYPE>CHAR</DATATYPE>
    <LENG>000256</LENG>
    <OUTPUTLEN>000256</OUTPUTLEN>
   </DD04V>
   <I18N_LANGS>
    <LANGU>D</LANGU>
   </I18N_LANGS>
   <DD04_TEXTS>
    <item>
     <DDLANGUAGE>D</DDLANGUAGE>
     <DDTEXT>Tag</DDTEXT>
     <REPTEXT>Tag</REPTEXT>
     <SCRTEXT_S>Tag</SCRTEXT_S>
     <SCRTEXT_M>Tag</SCRTEXT_M>
     <SCRTEXT_L>Tag</SCRTEXT_L>
    </item>
   </DD04_TEXTS>
  </asx:values>
 </asx:abap>
</abapGit>
