﻿<?xml version="1.0" encoding="utf-8"?>
<abapGit version="v1.0.0" serializer="LCL_OBJECT_DTEL" serializer_version="v1.0.0">
 <asx:abap xmlns:asx="http://www.sap.com/abapxml" version="1.0">
  <asx:values>
   <DD04V>
    <ROLLNAME>ZDA_LOG_TYPE</ROLLNAME>
    <DDLANGUAGE>E</DDLANGUAGE>
    <DOMNAME>ZDO_LOG_TYPE</DOMNAME>
    <HEADLEN>55</HEADLEN>
    <SCRLEN1>10</SCRLEN1>
    <SCRLEN2>20</SCRLEN2>
    <SCRLEN3>40</SCRLEN3>
    <DDTEXT>Log Type</DDTEXT>
    <REPTEXT>Log Type</REPTEXT>
    <SCRTEXT_S>Log Type</SCRTEXT_S>
    <SCRTEXT_M>Log Type</SCRTEXT_M>
    <SCRTEXT_L>Log Type</SCRTEXT_L>
    <DTELMASTER>E</DTELMASTER>
    <REFKIND>D</REFKIND>
   </DD04V>
   <I18N_LANGS>
    <LANGU>D</LANGU>
   </I18N_LANGS>
   <DD04_TEXTS>
    <item>
     <DDLANGUAGE>D</DDLANGUAGE>
     <DDTEXT>Logtyp</DDTEXT>
     <REPTEXT>Logtyp</REPTEXT>
     <SCRTEXT_S>Logtyp</SCRTEXT_S>
     <SCRTEXT_M>Logtyp</SCRTEXT_M>
     <SCRTEXT_L>Logtyp</SCRTEXT_L>
    </item>
   </DD04_TEXTS>
  </asx:values>
 </asx:abap>
</abapGit>
