﻿<?xml version="1.0" encoding="utf-8"?>
<abapGit version="v1.0.0" serializer="LCL_OBJECT_MSAG" serializer_version="v1.0.0">
 <asx:abap xmlns:asx="http://www.sap.com/abapxml" version="1.0">
  <asx:values>
   <T100A>
    <ARBGB>ZMC_LOG</ARBGB>
    <MASTERLANG>E</MASTERLANG>
    <STEXT>Log</STEXT>
   </T100A>
   <T100>
    <T100>
     <SPRSL>E</SPRSL>
     <ARBGB>ZMC_LOG</ARBGB>
     <MSGNR>000</MSGNR>
     <TEXT>Log has not been saved.</TEXT>
    </T100>
    <T100>
     <SPRSL>E</SPRSL>
     <ARBGB>ZMC_LOG</ARBGB>
     <MSGNR>001</MSGNR>
     <TEXT>Log data has not been saved.</TEXT>
    </T100>
    <T100>
     <SPRSL>E</SPRSL>
     <ARBGB>ZMC_LOG</ARBGB>
     <MSGNR>002</MSGNR>
     <TEXT>Log data variable types has not been saved.</TEXT>
    </T100>
    <T100>
     <SPRSL>E</SPRSL>
     <ARBGB>ZMC_LOG</ARBGB>
     <MSGNR>003</MSGNR>
     <TEXT>Log data structure types has not been saved.</TEXT>
    </T100>
    <T100>
     <SPRSL>E</SPRSL>
     <ARBGB>ZMC_LOG</ARBGB>
     <MSGNR>004</MSGNR>
     <TEXT>Log data structure item types has not been saved.</TEXT>
    </T100>
    <T100>
     <SPRSL>E</SPRSL>
     <ARBGB>ZMC_LOG</ARBGB>
     <MSGNR>005</MSGNR>
     <TEXT>Save log data: Internal index not found.</TEXT>
    </T100>
    <T100>
     <SPRSL>E</SPRSL>
     <ARBGB>ZMC_LOG</ARBGB>
     <MSGNR>006</MSGNR>
     <TEXT>Log data tags has not been saved.</TEXT>
    </T100>
    <T100>
     <SPRSL>E</SPRSL>
     <ARBGB>ZMC_LOG</ARBGB>
     <MSGNR>007</MSGNR>
     <TEXT>Save log data: Internal index not set.</TEXT>
    </T100>
   </T100>
  </asx:values>
 </asx:abap>
</abapGit>
