﻿<?xml version="1.0" encoding="utf-8"?>
<abapGit version="v1.0.0" serializer="LCL_OBJECT_TABL" serializer_version="v1.0.0">
 <asx:abap xmlns:asx="http://www.sap.com/abapxml" version="1.0">
  <asx:values>
   <DD02V>
    <TABNAME>ZST_LOG_LA_DLOG</TABNAME>
    <DDLANGUAGE>E</DDLANGUAGE>
    <TABCLASS>INTTAB</TABCLASS>
    <DDTEXT>Log Appender: Enhanced Data Log</DDTEXT>
    <EXCLASS>1</EXCLASS>
   </DD02V>
   <DD03P_TABLE>
    <DD03P>
     <TABNAME>ZST_LOG_LA_DLOG</TABNAME>
     <FIELDNAME>SLOG</FIELDNAME>
     <POSITION>0001</POSITION>
     <ROLLNAME>ZST_LOG</ROLLNAME>
     <ADMINFIELD>0</ADMINFIELD>
     <DATATYPE>STRU</DATATYPE>
     <MASK>  STRUS</MASK>
     <COMPTYPE>S</COMPTYPE>
    </DD03P>
    <DD03P>
     <TABNAME>ZST_LOG_LA_DLOG</TABNAME>
     <FIELDNAME>TLOG_DATA</FIELDNAME>
     <POSITION>0019</POSITION>
     <ROLLNAME>ZTT_LOG_DATA</ROLLNAME>
     <ADMINFIELD>0</ADMINFIELD>
     <DATATYPE>TTYP</DATATYPE>
     <MASK>  TTYPL</MASK>
     <COMPTYPE>L</COMPTYPE>
    </DD03P>
    <DD03P>
     <TABNAME>ZST_LOG_LA_DLOG</TABNAME>
     <FIELDNAME>TLOG_DATA_V</FIELDNAME>
     <POSITION>0020</POSITION>
     <ROLLNAME>ZTT_LOG_DATA_V</ROLLNAME>
     <ADMINFIELD>0</ADMINFIELD>
     <DATATYPE>TTYP</DATATYPE>
     <MASK>  TTYPL</MASK>
     <COMPTYPE>L</COMPTYPE>
    </DD03P>
    <DD03P>
     <TABNAME>ZST_LOG_LA_DLOG</TABNAME>
     <FIELDNAME>TLOG_DATA_S</FIELDNAME>
     <POSITION>0021</POSITION>
     <ROLLNAME>ZTT_LOG_DATA_S</ROLLNAME>
     <ADMINFIELD>0</ADMINFIELD>
     <DATATYPE>TTYP</DATATYPE>
     <MASK>  TTYPL</MASK>
     <COMPTYPE>L</COMPTYPE>
    </DD03P>
    <DD03P>
     <TABNAME>ZST_LOG_LA_DLOG</TABNAME>
     <FIELDNAME>TLOG_DATA_SI</FIELDNAME>
     <POSITION>0022</POSITION>
     <ROLLNAME>ZTT_LOG_DATA_SI</ROLLNAME>
     <ADMINFIELD>0</ADMINFIELD>
     <DATATYPE>TTYP</DATATYPE>
     <MASK>  TTYPL</MASK>
     <COMPTYPE>L</COMPTYPE>
    </DD03P>
    <DD03P>
     <TABNAME>ZST_LOG_LA_DLOG</TABNAME>
     <FIELDNAME>TLOG_DATA_T</FIELDNAME>
     <POSITION>0023</POSITION>
     <ROLLNAME>ZTT_LOG_DATA_T</ROLLNAME>
     <ADMINFIELD>0</ADMINFIELD>
     <DATATYPE>TTYP</DATATYPE>
     <MASK>  TTYPL</MASK>
     <COMPTYPE>L</COMPTYPE>
    </DD03P>
    <DD03P>
     <TABNAME>ZST_LOG_LA_DLOG</TABNAME>
     <FIELDNAME>TLOG_TAG</FIELDNAME>
     <POSITION>0024</POSITION>
     <ROLLNAME>ZTT_LOG_TAG</ROLLNAME>
     <ADMINFIELD>0</ADMINFIELD>
     <DATATYPE>TTYP</DATATYPE>
     <MASK>  TTYPL</MASK>
     <COMPTYPE>L</COMPTYPE>
    </DD03P>
   </DD03P_TABLE>
  </asx:values>
 </asx:abap>
</abapGit>
