﻿<?xml version="1.0" encoding="utf-8"?>
<abapGit version="v1.0.0" serializer="LCL_OBJECT_TABL" serializer_version="v1.0.0">
 <asx:abap xmlns:asx="http://www.sap.com/abapxml" version="1.0">
  <asx:values>
   <DD02V>
    <TABNAME>ZST_LOG</TABNAME>
    <DDLANGUAGE>E</DDLANGUAGE>
    <TABCLASS>INTTAB</TABCLASS>
    <DDTEXT>Log Message</DDTEXT>
    <EXCLASS>1</EXCLASS>
   </DD02V>
   <DD03P_TABLE>
    <DD03P>
     <TABNAME>ZST_LOG</TABNAME>
     <FIELDNAME>GUID</FIELDNAME>
     <POSITION>0001</POSITION>
     <ROLLNAME>SYSUUID_C32</ROLLNAME>
     <ADMINFIELD>0</ADMINFIELD>
     <COMPTYPE>E</COMPTYPE>
    </DD03P>
    <DD03P>
     <TABNAME>ZST_LOG</TABNAME>
     <FIELDNAME>DATE</FIELDNAME>
     <POSITION>0002</POSITION>
     <ROLLNAME>SYDATUM</ROLLNAME>
     <ADMINFIELD>0</ADMINFIELD>
     <SHLPORIGIN>T</SHLPORIGIN>
     <COMPTYPE>E</COMPTYPE>
    </DD03P>
    <DD03P>
     <TABNAME>ZST_LOG</TABNAME>
     <FIELDNAME>TIME</FIELDNAME>
     <POSITION>0003</POSITION>
     <ROLLNAME>SYUZEIT</ROLLNAME>
     <ADMINFIELD>0</ADMINFIELD>
     <SHLPORIGIN>T</SHLPORIGIN>
     <COMPTYPE>E</COMPTYPE>
    </DD03P>
    <DD03P>
     <TABNAME>ZST_LOG</TABNAME>
     <FIELDNAME>UNAME</FIELDNAME>
     <POSITION>0004</POSITION>
     <ROLLNAME>SYUNAME</ROLLNAME>
     <ADMINFIELD>0</ADMINFIELD>
     <COMPTYPE>E</COMPTYPE>
    </DD03P>
    <DD03P>
     <TABNAME>ZST_LOG</TABNAME>
     <FIELDNAME>TYPE</FIELDNAME>
     <POSITION>0005</POSITION>
     <ROLLNAME>CHAR01</ROLLNAME>
     <ADMINFIELD>0</ADMINFIELD>
     <COMPTYPE>E</COMPTYPE>
    </DD03P>
    <DD03P>
     <TABNAME>ZST_LOG</TABNAME>
     <FIELDNAME>TYPE_SAP</FIELDNAME>
     <POSITION>0006</POSITION>
     <ROLLNAME>SYMSGTY</ROLLNAME>
     <ADMINFIELD>0</ADMINFIELD>
     <COMPTYPE>E</COMPTYPE>
    </DD03P>
    <DD03P>
     <TABNAME>ZST_LOG</TABNAME>
     <FIELDNAME>ID</FIELDNAME>
     <POSITION>0007</POSITION>
     <ROLLNAME>SYMSGID</ROLLNAME>
     <ADMINFIELD>0</ADMINFIELD>
     <COMPTYPE>E</COMPTYPE>
    </DD03P>
    <DD03P>
     <TABNAME>ZST_LOG</TABNAME>
     <FIELDNAME>NUMBER</FIELDNAME>
     <POSITION>0008</POSITION>
     <ROLLNAME>SYMSGNO</ROLLNAME>
     <ADMINFIELD>0</ADMINFIELD>
     <COMPTYPE>E</COMPTYPE>
    </DD03P>
    <DD03P>
     <TABNAME>ZST_LOG</TABNAME>
     <FIELDNAME>MESSAGE_V1</FIELDNAME>
     <POSITION>0009</POSITION>
     <ROLLNAME>SYMSGV</ROLLNAME>
     <ADMINFIELD>0</ADMINFIELD>
     <COMPTYPE>E</COMPTYPE>
    </DD03P>
    <DD03P>
     <TABNAME>ZST_LOG</TABNAME>
     <FIELDNAME>MESSAGE_V2</FIELDNAME>
     <POSITION>0010</POSITION>
     <ROLLNAME>SYMSGV</ROLLNAME>
     <ADMINFIELD>0</ADMINFIELD>
     <COMPTYPE>E</COMPTYPE>
    </DD03P>
    <DD03P>
     <TABNAME>ZST_LOG</TABNAME>
     <FIELDNAME>MESSAGE_V3</FIELDNAME>
     <POSITION>0011</POSITION>
     <ROLLNAME>SYMSGV</ROLLNAME>
     <ADMINFIELD>0</ADMINFIELD>
     <COMPTYPE>E</COMPTYPE>
    </DD03P>
    <DD03P>
     <TABNAME>ZST_LOG</TABNAME>
     <FIELDNAME>MESSAGE_V4</FIELDNAME>
     <POSITION>0012</POSITION>
     <ROLLNAME>SYMSGV</ROLLNAME>
     <ADMINFIELD>0</ADMINFIELD>
     <COMPTYPE>E</COMPTYPE>
    </DD03P>
    <DD03P>
     <TABNAME>ZST_LOG</TABNAME>
     <FIELDNAME>MAINPROGRAM</FIELDNAME>
     <POSITION>0013</POSITION>
     <ROLLNAME>SYREPID</ROLLNAME>
     <ADMINFIELD>0</ADMINFIELD>
     <COMPTYPE>E</COMPTYPE>
    </DD03P>
    <DD03P>
     <TABNAME>ZST_LOG</TABNAME>
     <FIELDNAME>INCLUDE</FIELDNAME>
     <POSITION>0014</POSITION>
     <ROLLNAME>INCLUDE</ROLLNAME>
     <ADMINFIELD>0</ADMINFIELD>
     <COMPTYPE>E</COMPTYPE>
    </DD03P>
    <DD03P>
     <TABNAME>ZST_LOG</TABNAME>
     <FIELDNAME>LINE</FIELDNAME>
     <POSITION>0015</POSITION>
     <ROLLNAME>INT4</ROLLNAME>
     <ADMINFIELD>0</ADMINFIELD>
     <COMPTYPE>E</COMPTYPE>
    </DD03P>
    <DD03P>
     <TABNAME>ZST_LOG</TABNAME>
     <FIELDNAME>BLOCKTYPE</FIELDNAME>
     <POSITION>0016</POSITION>
     <ROLLNAME>CHAR12</ROLLNAME>
     <ADMINFIELD>0</ADMINFIELD>
     <COMPTYPE>E</COMPTYPE>
    </DD03P>
    <DD03P>
     <TABNAME>ZST_LOG</TABNAME>
     <FIELDNAME>BLOCKNAME</FIELDNAME>
     <DDLANGUAGE>E</DDLANGUAGE>
     <POSITION>0017</POSITION>
     <ADMINFIELD>0</ADMINFIELD>
     <INTTYPE>g</INTTYPE>
     <INTLEN>000008</INTLEN>
     <DATATYPE>STRG</DATATYPE>
     <MASK>  STRG</MASK>
    </DD03P>
   </DD03P_TABLE>
  </asx:values>
 </asx:abap>
</abapGit>
