﻿<?xml version="1.0" encoding="utf-8"?>
<abapGit version="v1.0.0" serializer="LCL_OBJECT_TABL" serializer_version="v1.0.0">
 <asx:abap xmlns:asx="http://www.sap.com/abapxml" version="1.0">
  <asx:values>
   <DD02V>
    <TABNAME>ZTA_LOG</TABNAME>
    <DDLANGUAGE>E</DDLANGUAGE>
    <TABCLASS>TRANSP</TABCLASS>
    <CLIDEP>X</CLIDEP>
    <DDTEXT>Log</DDTEXT>
    <CONTFLAG>A</CONTFLAG>
    <EXCLASS>1</EXCLASS>
   </DD02V>
   <DD09L>
    <TABNAME>ZTA_LOG</TABNAME>
    <AS4LOCAL>A</AS4LOCAL>
    <TABKAT>1</TABKAT>
    <TABART>APPL1</TABART>
    <BUFALLOW>N</BUFALLOW>
    <ROWORCOLST>C</ROWORCOLST>
   </DD09L>
   <DD03P_TABLE>
    <DD03P>
     <TABNAME>ZTA_LOG</TABNAME>
     <FIELDNAME>MANDT</FIELDNAME>
     <POSITION>0001</POSITION>
     <KEYFLAG>X</KEYFLAG>
     <ROLLNAME>MANDT</ROLLNAME>
     <CHECKTABLE>T000</CHECKTABLE>
     <ADMINFIELD>0</ADMINFIELD>
     <NOTNULL>X</NOTNULL>
     <SHLPORIGIN>P</SHLPORIGIN>
     <COMPTYPE>E</COMPTYPE>
    </DD03P>
    <DD03P>
     <TABNAME>ZTA_LOG</TABNAME>
     <FIELDNAME>GUID</FIELDNAME>
     <POSITION>0002</POSITION>
     <KEYFLAG>X</KEYFLAG>
     <ROLLNAME>SYSUUID_C32</ROLLNAME>
     <ADMINFIELD>0</ADMINFIELD>
     <NOTNULL>X</NOTNULL>
     <COMPTYPE>E</COMPTYPE>
    </DD03P>
    <DD03P>
     <TABNAME>ZTA_LOG</TABNAME>
     <FIELDNAME>LOG_OBJECT</FIELDNAME>
     <POSITION>0003</POSITION>
     <ROLLNAME>BALOBJ_D</ROLLNAME>
     <CHECKTABLE>BALOBJ</CHECKTABLE>
     <ADMINFIELD>0</ADMINFIELD>
     <NOTNULL>X</NOTNULL>
     <SHLPORIGIN>P</SHLPORIGIN>
     <COMPTYPE>E</COMPTYPE>
    </DD03P>
    <DD03P>
     <TABNAME>ZTA_LOG</TABNAME>
     <FIELDNAME>LOG_SUBOBJECT</FIELDNAME>
     <POSITION>0004</POSITION>
     <ROLLNAME>BALSUBOBJ</ROLLNAME>
     <CHECKTABLE>BALSUB</CHECKTABLE>
     <ADMINFIELD>0</ADMINFIELD>
     <NOTNULL>X</NOTNULL>
     <SHLPORIGIN>P</SHLPORIGIN>
     <COMPTYPE>E</COMPTYPE>
    </DD03P>
    <DD03P>
     <TABNAME>ZTA_LOG</TABNAME>
     <FIELDNAME>LOG_DATE</FIELDNAME>
     <POSITION>0005</POSITION>
     <ROLLNAME>SYDATUM</ROLLNAME>
     <ADMINFIELD>0</ADMINFIELD>
     <NOTNULL>X</NOTNULL>
     <SHLPORIGIN>T</SHLPORIGIN>
     <COMPTYPE>E</COMPTYPE>
    </DD03P>
    <DD03P>
     <TABNAME>ZTA_LOG</TABNAME>
     <FIELDNAME>LOG_TIME</FIELDNAME>
     <POSITION>0006</POSITION>
     <ROLLNAME>SYUZEIT</ROLLNAME>
     <ADMINFIELD>0</ADMINFIELD>
     <NOTNULL>X</NOTNULL>
     <SHLPORIGIN>T</SHLPORIGIN>
     <COMPTYPE>E</COMPTYPE>
    </DD03P>
    <DD03P>
     <TABNAME>ZTA_LOG</TABNAME>
     <FIELDNAME>LOG_UNAME</FIELDNAME>
     <POSITION>0007</POSITION>
     <ROLLNAME>SYUNAME</ROLLNAME>
     <ADMINFIELD>0</ADMINFIELD>
     <NOTNULL>X</NOTNULL>
     <COMPTYPE>E</COMPTYPE>
    </DD03P>
    <DD03P>
     <TABNAME>ZTA_LOG</TABNAME>
     <FIELDNAME>LOG_NUMBER</FIELDNAME>
     <DDLANGUAGE>E</DDLANGUAGE>
     <POSITION>0008</POSITION>
     <ADMINFIELD>0</ADMINFIELD>
     <INTTYPE>g</INTTYPE>
     <INTLEN>000008</INTLEN>
     <NOTNULL>X</NOTNULL>
     <DATATYPE>STRG</DATATYPE>
     <MASK>  STRG</MASK>
    </DD03P>
    <DD03P>
     <TABNAME>ZTA_LOG</TABNAME>
     <FIELDNAME>MSG_TYPE</FIELDNAME>
     <POSITION>0009</POSITION>
     <ROLLNAME>CHAR01</ROLLNAME>
     <ADMINFIELD>0</ADMINFIELD>
     <NOTNULL>X</NOTNULL>
     <COMPTYPE>E</COMPTYPE>
    </DD03P>
    <DD03P>
     <TABNAME>ZTA_LOG</TABNAME>
     <FIELDNAME>MSG_ID</FIELDNAME>
     <POSITION>0010</POSITION>
     <ROLLNAME>SYMSGID</ROLLNAME>
     <CHECKTABLE>T100A</CHECKTABLE>
     <ADMINFIELD>0</ADMINFIELD>
     <NOTNULL>X</NOTNULL>
     <SHLPORIGIN>P</SHLPORIGIN>
     <COMPTYPE>E</COMPTYPE>
    </DD03P>
    <DD03P>
     <TABNAME>ZTA_LOG</TABNAME>
     <FIELDNAME>MSG_NUMBER</FIELDNAME>
     <POSITION>0011</POSITION>
     <ROLLNAME>SYMSGNO</ROLLNAME>
     <ADMINFIELD>0</ADMINFIELD>
     <NOTNULL>X</NOTNULL>
     <COMPTYPE>E</COMPTYPE>
    </DD03P>
    <DD03P>
     <TABNAME>ZTA_LOG</TABNAME>
     <FIELDNAME>MSG_V1</FIELDNAME>
     <POSITION>0012</POSITION>
     <ROLLNAME>SYMSGV</ROLLNAME>
     <ADMINFIELD>0</ADMINFIELD>
     <NOTNULL>X</NOTNULL>
     <COMPTYPE>E</COMPTYPE>
    </DD03P>
    <DD03P>
     <TABNAME>ZTA_LOG</TABNAME>
     <FIELDNAME>MSG_V2</FIELDNAME>
     <POSITION>0013</POSITION>
     <ROLLNAME>SYMSGV</ROLLNAME>
     <ADMINFIELD>0</ADMINFIELD>
     <NOTNULL>X</NOTNULL>
     <COMPTYPE>E</COMPTYPE>
    </DD03P>
    <DD03P>
     <TABNAME>ZTA_LOG</TABNAME>
     <FIELDNAME>MSG_V3</FIELDNAME>
     <POSITION>0014</POSITION>
     <ROLLNAME>SYMSGV</ROLLNAME>
     <ADMINFIELD>0</ADMINFIELD>
     <NOTNULL>X</NOTNULL>
     <COMPTYPE>E</COMPTYPE>
    </DD03P>
    <DD03P>
     <TABNAME>ZTA_LOG</TABNAME>
     <FIELDNAME>MSG_V4</FIELDNAME>
     <POSITION>0015</POSITION>
     <ROLLNAME>SYMSGV</ROLLNAME>
     <ADMINFIELD>0</ADMINFIELD>
     <NOTNULL>X</NOTNULL>
     <COMPTYPE>E</COMPTYPE>
    </DD03P>
   </DD03P_TABLE>
   <DD05M_TABLE>
    <DD05M>
     <TABNAME>ZTA_LOG</TABNAME>
     <FIELDNAME>LOG_OBJECT</FIELDNAME>
     <FORTABLE>ZTA_LOG</FORTABLE>
     <FORKEY>LOG_OBJECT</FORKEY>
     <CHECKTABLE>BALOBJ</CHECKTABLE>
     <CHECKFIELD>OBJECT</CHECKFIELD>
     <PRIMPOS>0001</PRIMPOS>
     <DOMNAME>BALOBJ</DOMNAME>
     <DATATYPE>CHAR</DATATYPE>
     <LENG>000020</LENG>
    </DD05M>
    <DD05M>
     <TABNAME>ZTA_LOG</TABNAME>
     <FIELDNAME>LOG_SUBOBJECT</FIELDNAME>
     <FORTABLE>ZTA_LOG</FORTABLE>
     <FORKEY>LOG_OBJECT</FORKEY>
     <CHECKTABLE>BALSUB</CHECKTABLE>
     <CHECKFIELD>OBJECT</CHECKFIELD>
     <PRIMPOS>0001</PRIMPOS>
     <DOMNAME>BALOBJ</DOMNAME>
     <DATATYPE>CHAR</DATATYPE>
     <LENG>000020</LENG>
    </DD05M>
    <DD05M>
     <TABNAME>ZTA_LOG</TABNAME>
     <FIELDNAME>LOG_SUBOBJECT</FIELDNAME>
     <FORTABLE>ZTA_LOG</FORTABLE>
     <FORKEY>LOG_SUBOBJECT</FORKEY>
     <CHECKTABLE>BALSUB</CHECKTABLE>
     <CHECKFIELD>SUBOBJECT</CHECKFIELD>
     <PRIMPOS>0002</PRIMPOS>
     <DOMNAME>BALSUBOBJ</DOMNAME>
     <DATATYPE>CHAR</DATATYPE>
     <LENG>000020</LENG>
    </DD05M>
    <DD05M>
     <TABNAME>ZTA_LOG</TABNAME>
     <FIELDNAME>MANDT</FIELDNAME>
     <FORTABLE>ZTA_LOG</FORTABLE>
     <FORKEY>MANDT</FORKEY>
     <CHECKTABLE>T000</CHECKTABLE>
     <CHECKFIELD>MANDT</CHECKFIELD>
     <PRIMPOS>0001</PRIMPOS>
     <DOMNAME>MANDT</DOMNAME>
     <DATATYPE>CLNT</DATATYPE>
     <LENG>000003</LENG>
    </DD05M>
    <DD05M>
     <TABNAME>ZTA_LOG</TABNAME>
     <FIELDNAME>MSG_ID</FIELDNAME>
     <FORTABLE>ZTA_LOG</FORTABLE>
     <FORKEY>MSG_ID</FORKEY>
     <CHECKTABLE>T100A</CHECKTABLE>
     <CHECKFIELD>ARBGB</CHECKFIELD>
     <PRIMPOS>0001</PRIMPOS>
     <DOMNAME>ARBGB</DOMNAME>
     <DATATYPE>CHAR</DATATYPE>
     <LENG>000020</LENG>
    </DD05M>
   </DD05M_TABLE>
   <DD08V_TABLE>
    <DD08V>
     <TABNAME>ZTA_LOG</TABNAME>
     <FIELDNAME>LOG_OBJECT</FIELDNAME>
     <DDLANGUAGE>E</DDLANGUAGE>
     <CHECKTABLE>BALOBJ</CHECKTABLE>
    </DD08V>
    <DD08V>
     <TABNAME>ZTA_LOG</TABNAME>
     <FIELDNAME>LOG_SUBOBJECT</FIELDNAME>
     <DDLANGUAGE>E</DDLANGUAGE>
     <CHECKTABLE>BALSUB</CHECKTABLE>
    </DD08V>
    <DD08V>
     <TABNAME>ZTA_LOG</TABNAME>
     <FIELDNAME>MANDT</FIELDNAME>
     <DDLANGUAGE>E</DDLANGUAGE>
     <CHECKTABLE>T000</CHECKTABLE>
     <FRKART>KEY</FRKART>
     <CARD>CN</CARD>
     <CARDLEFT>1</CARDLEFT>
    </DD08V>
    <DD08V>
     <TABNAME>ZTA_LOG</TABNAME>
     <FIELDNAME>MSG_ID</FIELDNAME>
     <DDLANGUAGE>E</DDLANGUAGE>
     <CHECKTABLE>T100A</CHECKTABLE>
    </DD08V>
   </DD08V_TABLE>
  </asx:values>
 </asx:abap>
</abapGit>
