﻿<?xml version="1.0" encoding="utf-8"?>
<abapGit version="v1.0.0" serializer="LCL_OBJECT_CLAS" serializer_version="v1.0.0">
 <asx:abap xmlns:asx="http://www.sap.com/abapxml" version="1.0">
  <asx:values>
   <VSEOCLASS>
    <CLSNAME>ZCL_LOG_ALOG</CLSNAME>
    <VERSION>1</VERSION>
    <LANGU>E</LANGU>
    <DESCRIPT>Application Log</DESCRIPT>
    <STATE>1</STATE>
    <CLSFINAL>X</CLSFINAL>
    <CLSCCINCL>X</CLSCCINCL>
    <FIXPT>X</FIXPT>
    <UNICODE>X</UNICODE>
   </VSEOCLASS>
   <DESCRIPTIONS>
    <SEOCOMPOTX>
     <CLSNAME>ZCL_LOG_ALOG</CLSNAME>
     <CMPNAME>ADD_MESSAGE</CMPNAME>
     <LANGU>E</LANGU>
     <DESCRIPT>Add Message</DESCRIPT>
    </SEOCOMPOTX>
    <SEOCOMPOTX>
     <CLSNAME>ZCL_LOG_ALOG</CLSNAME>
     <CMPNAME>ADD_MESSAGES</CMPNAME>
     <LANGU>E</LANGU>
     <DESCRIPT>Add Messages</DESCRIPT>
    </SEOCOMPOTX>
    <SEOCOMPOTX>
     <CLSNAME>ZCL_LOG_ALOG</CLSNAME>
     <CMPNAME>CONSTRUCTOR</CMPNAME>
     <LANGU>E</LANGU>
     <DESCRIPT>CONSTRUCTOR</DESCRIPT>
    </SEOCOMPOTX>
    <SEOCOMPOTX>
     <CLSNAME>ZCL_LOG_ALOG</CLSNAME>
     <CMPNAME>CREATE</CMPNAME>
     <LANGU>E</LANGU>
     <DESCRIPT>Create Application Log</DESCRIPT>
    </SEOCOMPOTX>
    <SEOCOMPOTX>
     <CLSNAME>ZCL_LOG_ALOG</CLSNAME>
     <CMPNAME>GC_ATTRIBUTE_LOG_KEY</CMPNAME>
     <LANGU>E</LANGU>
     <DESCRIPT>Attribute: Log Key</DESCRIPT>
    </SEOCOMPOTX>
    <SEOCOMPOTX>
     <CLSNAME>ZCL_LOG_ALOG</CLSNAME>
     <CMPNAME>GC_PCLASS_IMPORTANT</CMPNAME>
     <LANGU>E</LANGU>
     <DESCRIPT>Application log: Message problem class</DESCRIPT>
    </SEOCOMPOTX>
    <SEOCOMPOTX>
     <CLSNAME>ZCL_LOG_ALOG</CLSNAME>
     <CMPNAME>GC_PCLASS_INFO</CMPNAME>
     <LANGU>E</LANGU>
     <DESCRIPT>Application log: Message problem class</DESCRIPT>
    </SEOCOMPOTX>
    <SEOCOMPOTX>
     <CLSNAME>ZCL_LOG_ALOG</CLSNAME>
     <CMPNAME>GC_PCLASS_MEDIUM</CMPNAME>
     <LANGU>E</LANGU>
     <DESCRIPT>Application log: Message problem class</DESCRIPT>
    </SEOCOMPOTX>
    <SEOCOMPOTX>
     <CLSNAME>ZCL_LOG_ALOG</CLSNAME>
     <CMPNAME>GC_PCLASS_VERY_IMPORTANT</CMPNAME>
     <LANGU>E</LANGU>
     <DESCRIPT>Application log: Message problem class</DESCRIPT>
    </SEOCOMPOTX>
    <SEOCOMPOTX>
     <CLSNAME>ZCL_LOG_ALOG</CLSNAME>
     <CMPNAME>GET_INSTANCE</CMPNAME>
     <LANGU>E</LANGU>
     <DESCRIPT>Factory Get Instance</DESCRIPT>
    </SEOCOMPOTX>
    <SEOCOMPOTX>
     <CLSNAME>ZCL_LOG_ALOG</CLSNAME>
     <CMPNAME>MAP_ATTRIBUTES</CMPNAME>
     <LANGU>E</LANGU>
     <DESCRIPT>Map Application Log Specific Attributes</DESCRIPT>
    </SEOCOMPOTX>
    <SEOCOMPOTX>
     <CLSNAME>ZCL_LOG_ALOG</CLSNAME>
     <CMPNAME>MAP_LOG_TO_ALOG_MSG</CMPNAME>
     <LANGU>E</LANGU>
     <DESCRIPT>Map Log Message to Application Message</DESCRIPT>
    </SEOCOMPOTX>
    <SEOCOMPOTX>
     <CLSNAME>ZCL_LOG_ALOG</CLSNAME>
     <CMPNAME>MV_LOG_KEY</CMPNAME>
     <LANGU>E</LANGU>
     <DESCRIPT>Log Key</DESCRIPT>
    </SEOCOMPOTX>
    <SEOCOMPOTX>
     <CLSNAME>ZCL_LOG_ALOG</CLSNAME>
     <CMPNAME>RUN_SAVE</CMPNAME>
     <LANGU>E</LANGU>
     <DESCRIPT>Run Save</DESCRIPT>
    </SEOCOMPOTX>
    <SEOCOMPOTX>
     <CLSNAME>ZCL_LOG_ALOG</CLSNAME>
     <CMPNAME>SAVE_ALOG</CMPNAME>
     <LANGU>E</LANGU>
     <DESCRIPT>Save Application Log</DESCRIPT>
    </SEOCOMPOTX>
   </DESCRIPTIONS>
  </asx:values>
 </asx:abap>
</abapGit>
