﻿<?xml version="1.0" encoding="utf-8"?>
<abapGit version="v1.0.0" serializer="LCL_OBJECT_CLAS" serializer_version="v1.0.0">
 <asx:abap xmlns:asx="http://www.sap.com/abapxml" version="1.0">
  <asx:values>
   <VSEOCLASS>
    <CLSNAME>ZCL_LOG_DLOG</CLSNAME>
    <VERSION>1</VERSION>
    <LANGU>E</LANGU>
    <DESCRIPT>Data Log</DESCRIPT>
    <STATE>1</STATE>
    <CLSFINAL>X</CLSFINAL>
    <CLSCCINCL>X</CLSCCINCL>
    <FIXPT>X</FIXPT>
    <UNICODE>X</UNICODE>
   </VSEOCLASS>
   <DESCRIPTIONS>
    <SEOCOMPOTX>
     <CLSNAME>ZCL_LOG_DLOG</CLSNAME>
     <CMPNAME>CONSTRUCTOR</CMPNAME>
     <LANGU>E</LANGU>
     <DESCRIPT>CONSTRUCTOR</DESCRIPT>
    </SEOCOMPOTX>
    <SEOCOMPOTX>
     <CLSNAME>ZCL_LOG_DLOG</CLSNAME>
     <CMPNAME>CREATE_GUID</CMPNAME>
     <LANGU>E</LANGU>
     <DESCRIPT>Create GUID</DESCRIPT>
    </SEOCOMPOTX>
    <SEOCOMPOTX>
     <CLSNAME>ZCL_LOG_DLOG</CLSNAME>
     <CMPNAME>CREATE_LOG_NUMBER</CMPNAME>
     <LANGU>E</LANGU>
     <DESCRIPT>Create Log Number</DESCRIPT>
    </SEOCOMPOTX>
    <SEOCOMPOTX>
     <CLSNAME>ZCL_LOG_DLOG</CLSNAME>
     <CMPNAME>GET_INSTANCE</CMPNAME>
     <LANGU>E</LANGU>
     <DESCRIPT>Logging Factory</DESCRIPT>
    </SEOCOMPOTX>
    <SEOCOMPOTX>
     <CLSNAME>ZCL_LOG_DLOG</CLSNAME>
     <CMPNAME>MAP_ATTRIBUTES</CMPNAME>
     <LANGU>E</LANGU>
     <DESCRIPT>Map Application Log Specific Attributes</DESCRIPT>
    </SEOCOMPOTX>
    <SEOCOMPOTX>
     <CLSNAME>ZCL_LOG_DLOG</CLSNAME>
     <CMPNAME>SAVE_LOG</CMPNAME>
     <LANGU>E</LANGU>
     <DESCRIPT>Save Log</DESCRIPT>
    </SEOCOMPOTX>
    <SEOCOMPOTX>
     <CLSNAME>ZCL_LOG_DLOG</CLSNAME>
     <CMPNAME>SAVE_TAG</CMPNAME>
     <LANGU>E</LANGU>
     <DESCRIPT>Save Tag</DESCRIPT>
    </SEOCOMPOTX>
    <SEOCOMPOTX>
     <CLSNAME>ZCL_LOG_DLOG</CLSNAME>
     <CMPNAME>SAVE_TYPE</CMPNAME>
     <LANGU>E</LANGU>
     <DESCRIPT>Save Type</DESCRIPT>
    </SEOCOMPOTX>
   </DESCRIPTIONS>
  </asx:values>
 </asx:abap>
</abapGit>
