﻿<?xml version="1.0" encoding="utf-8"?>
<abapGit version="v1.0.0" serializer="LCL_OBJECT_DTEL" serializer_version="v1.0.0">
 <asx:abap xmlns:asx="http://www.sap.com/abapxml" version="1.0">
  <asx:values>
   <DD04V>
    <ROLLNAME>ZDA_LOG_TRACE</ROLLNAME>
    <DDLANGUAGE>E</DDLANGUAGE>
    <DOMNAME>ZDO_LOG_TRACE</DOMNAME>
    <HEADLEN>55</HEADLEN>
    <SCRLEN1>10</SCRLEN1>
    <SCRLEN2>20</SCRLEN2>
    <SCRLEN3>40</SCRLEN3>
    <DDTEXT>Log Trace</DDTEXT>
    <REPTEXT>Log Trace</REPTEXT>
    <SCRTEXT_S>Log Trace</SCRTEXT_S>
    <SCRTEXT_M>Log Trace</SCRTEXT_M>
    <SCRTEXT_L>Log Trace</SCRTEXT_L>
    <DTELMASTER>E</DTELMASTER>
    <REFKIND>D</REFKIND>
   </DD04V>
   <I18N_LANGS>
    <LANGU>D</LANGU>
   </I18N_LANGS>
   <DD04_TEXTS>
    <item>
     <DDLANGUAGE>D</DDLANGUAGE>
     <DDTEXT>Logtrace</DDTEXT>
     <REPTEXT>Logtrace</REPTEXT>
     <SCRTEXT_S>Logtrace</SCRTEXT_S>
     <SCRTEXT_M>Logtrace</SCRTEXT_M>
     <SCRTEXT_L>Logtrace</SCRTEXT_L>
    </item>
   </DD04_TEXTS>
  </asx:values>
 </asx:abap>
</abapGit>
