﻿<?xml version="1.0" encoding="utf-8"?>
<abapGit version="v1.0.0" serializer="LCL_OBJECT_PROG" serializer_version="v1.0.0">
 <asx:abap xmlns:asx="http://www.sap.com/abapxml" version="1.0">
  <asx:values>
   <PROGDIR>
    <NAME>ZPR_LOG_GUI</NAME>
    <STATE>A</STATE>
    <VARCL>X</VARCL>
    <SUBC>1</SUBC>
    <RLOAD>E</RLOAD>
    <FIXPT>X</FIXPT>
    <UCCHECK>X</UCCHECK>
   </PROGDIR>
   <TPOOL>
    <item>
     <ID>I</ID>
     <KEY>S01</KEY>
     <ENTRY>Log Object</ENTRY>
     <LENGTH>10</LENGTH>
    </item>
    <item>
     <ID>I</ID>
     <KEY>S02</KEY>
     <ENTRY>Time Restrictions</ENTRY>
     <LENGTH>27</LENGTH>
    </item>
    <item>
     <ID>I</ID>
     <KEY>S03</KEY>
     <ENTRY>Log Level</ENTRY>
     <LENGTH>19</LENGTH>
    </item>
    <item>
     <ID>I</ID>
     <KEY>S04</KEY>
     <ENTRY>Tags</ENTRY>
     <LENGTH>14</LENGTH>
    </item>
    <item>
     <ID>R</ID>
     <ENTRY>Log Cockpit</ENTRY>
     <LENGTH>11</LENGTH>
    </item>
    <item>
     <ID>S</ID>
     <KEY>P_DEBUG</KEY>
     <ENTRY> Debug</ENTRY>
     <LENGTH>19</LENGTH>
    </item>
    <item>
     <ID>S</ID>
     <KEY>P_ERROR</KEY>
     <ENTRY> Error</ENTRY>
     <LENGTH>14</LENGTH>
    </item>
    <item>
     <ID>S</ID>
     <KEY>P_FATAL</KEY>
     <ENTRY> Fatal</ENTRY>
     <LENGTH>14</LENGTH>
    </item>
    <item>
     <ID>S</ID>
     <KEY>P_INFO</KEY>
     <ENTRY> Info</ENTRY>
     <LENGTH>13</LENGTH>
    </item>
    <item>
     <ID>S</ID>
     <KEY>P_OBJ</KEY>
     <ENTRY>.</ENTRY>
     <LENGTH>14</LENGTH>
     <SPLIT>D</SPLIT>
    </item>
    <item>
     <ID>S</ID>
     <KEY>P_SUBOBJ</KEY>
     <ENTRY>.</ENTRY>
     <LENGTH>17</LENGTH>
     <SPLIT>D</SPLIT>
    </item>
    <item>
     <ID>S</ID>
     <KEY>P_USER</KEY>
     <ENTRY> User</ENTRY>
     <LENGTH>13</LENGTH>
    </item>
    <item>
     <ID>S</ID>
     <KEY>P_WARN</KEY>
     <ENTRY> Warning</ENTRY>
     <LENGTH>16</LENGTH>
    </item>
    <item>
     <ID>S</ID>
     <KEY>S_TAG</KEY>
     <ENTRY>Tag</ENTRY>
     <LENGTH>11</LENGTH>
    </item>
   </TPOOL>
   <I18N_TPOOL>
    <item>
     <LANGUAGE>D</LANGUAGE>
     <TEXTPOOL>
      <item>
       <ID>I</ID>
       <KEY>S01</KEY>
       <ENTRY>Log Objekt</ENTRY>
       <LENGTH>10</LENGTH>
      </item>
      <item>
       <ID>I</ID>
       <KEY>S02</KEY>
       <ENTRY>Zeitrestriktionen</ENTRY>
       <LENGTH>27</LENGTH>
      </item>
      <item>
       <ID>I</ID>
       <KEY>S03</KEY>
       <ENTRY>Log Level</ENTRY>
       <LENGTH>19</LENGTH>
      </item>
      <item>
       <ID>I</ID>
       <KEY>S04</KEY>
       <ENTRY>Tags</ENTRY>
       <LENGTH>14</LENGTH>
      </item>
      <item>
       <ID>R</ID>
       <ENTRY>Log Cockpit</ENTRY>
       <LENGTH>70</LENGTH>
      </item>
      <item>
       <ID>S</ID>
       <KEY>P_DEBUG</KEY>
       <ENTRY> Debug</ENTRY>
       <LENGTH>14</LENGTH>
      </item>
      <item>
       <ID>S</ID>
       <KEY>P_ERROR</KEY>
       <ENTRY> Error</ENTRY>
       <LENGTH>14</LENGTH>
      </item>
      <item>
       <ID>S</ID>
       <KEY>P_FATAL</KEY>
       <ENTRY> Fatal</ENTRY>
       <LENGTH>14</LENGTH>
      </item>
      <item>
       <ID>S</ID>
       <KEY>P_INFO</KEY>
       <ENTRY> Info</ENTRY>
       <LENGTH>13</LENGTH>
      </item>
      <item>
       <ID>S</ID>
       <KEY>P_USER</KEY>
       <ENTRY> User</ENTRY>
       <LENGTH>13</LENGTH>
      </item>
      <item>
       <ID>S</ID>
       <KEY>P_WARN</KEY>
       <ENTRY> Warning</ENTRY>
       <LENGTH>16</LENGTH>
      </item>
      <item>
       <ID>S</ID>
       <KEY>S_TAG</KEY>
       <ENTRY>Tag</ENTRY>
       <LENGTH>11</LENGTH>
      </item>
      <item>
       <ID>S</ID>
       <KEY>P_OBJ</KEY>
       <ENTRY>.</ENTRY>
       <LENGTH>14</LENGTH>
       <SPLIT>D</SPLIT>
      </item>
      <item>
       <ID>S</ID>
       <KEY>P_SUBOBJ</KEY>
       <ENTRY>.</ENTRY>
       <LENGTH>17</LENGTH>
       <SPLIT>D</SPLIT>
      </item>
     </TEXTPOOL>
    </item>
   </I18N_TPOOL>
  </asx:values>
 </asx:abap>
</abapGit>
