﻿<?xml version="1.0" encoding="utf-8"?>
<abapGit version="v1.0.0" serializer="LCL_OBJECT_TABL" serializer_version="v1.0.0">
 <asx:abap xmlns:asx="http://www.sap.com/abapxml" version="1.0">
  <asx:values>
   <DD02V>
    <TABNAME>ZST_LOGGUI_SEL</TABNAME>
    <DDLANGUAGE>E</DDLANGUAGE>
    <TABCLASS>INTTAB</TABCLASS>
    <DDTEXT>Selection Criteria</DDTEXT>
    <EXCLASS>1</EXCLASS>
   </DD02V>
   <DD03P_TABLE>
    <DD03P>
     <TABNAME>ZST_LOGGUI_SEL</TABNAME>
     <FIELDNAME>LOG_OBJECT_RNG</FIELDNAME>
     <POSITION>0001</POSITION>
     <ROLLNAME>ZTT_LOGOBJ_RNG</ROLLNAME>
     <ADMINFIELD>0</ADMINFIELD>
     <DATATYPE>TTYP</DATATYPE>
     <MASK>  TTYPL</MASK>
     <COMPTYPE>L</COMPTYPE>
    </DD03P>
    <DD03P>
     <TABNAME>ZST_LOGGUI_SEL</TABNAME>
     <FIELDNAME>LOG_SUBOBJECT_RNG</FIELDNAME>
     <POSITION>0002</POSITION>
     <ROLLNAME>ZTT_LOGSUBOBJ_RNG</ROLLNAME>
     <ADMINFIELD>0</ADMINFIELD>
     <DATATYPE>TTYP</DATATYPE>
     <MASK>  TTYPL</MASK>
     <COMPTYPE>L</COMPTYPE>
    </DD03P>
    <DD03P>
     <TABNAME>ZST_LOGGUI_SEL</TABNAME>
     <FIELDNAME>MSG_TYPE_RNG</FIELDNAME>
     <POSITION>0003</POSITION>
     <ROLLNAME>ZTT_MSG_TYPE_RNG</ROLLNAME>
     <ADMINFIELD>0</ADMINFIELD>
     <DATATYPE>TTYP</DATATYPE>
     <MASK>  TTYPL</MASK>
     <COMPTYPE>L</COMPTYPE>
    </DD03P>
   </DD03P_TABLE>
  </asx:values>
 </asx:abap>
</abapGit>
